"","zoo_sciName","mamPhy_tiplabel","synonym","synonymNotes","synonymLink","zoo_SourceCode","zoo_Source","zoo_Accession","zoo_IUCN","zoo_Common.Name","zoo_Order","zoo_Family","zoo_subspecies","Species","Biosample","Provider.Institution","Provider.contact","Sequencing.location","Contig.N50..bp...","Scaffold.N50..bp...","Size..Gb..contigs..1kb...","Mean.base.quality..","Coverage..","Busco.Complete..n.4104.","BUSCO.Single.Copy","BUSCO.Duplicated","BUSCO.Fragmented","BUSCO.Missing","N"
"1","Acinonyx_jubatus","Acinonyx_jubatus_FELIDAE_CARNIVORA",0,NA,NA,2,"2. Existing assembly","GCF_001443585.1","CR","Cheetah","CARNIVORA","Felidae",NA,NA,NA,NA,NA,NA,NA,NA,NA,NA,NA,NA,NA,NA,NA,NA,NA
"2","Acomys_cahirinus","Acomys_cahirinus_MURIDAE_RODENTIA",0,NA,NA,1,"1. Zoonomia","GCA_004027535.1","LC","Cairo spiny mouse","RODENTIA","Muridae",NA,"Acomys cahirinus","SAMN07678032","University of Kentucky","Ashley Seifert","Uppsala University","44,337","68,588",2.2,34.1,32.7,"71.2%","70.2%","1.0%","20.0%","8.8%",91
"3","Ailuropoda_melanoleuca","Ailuropoda_melanoleuca_URSIDAE_CARNIVORA",0,NA,NA,2,"2. Existing assembly","GCA_002007445.1","VU","Giant panda","CARNIVORA","Ursidae",NA,NA,NA,NA,NA,NA,NA,NA,NA,NA,NA,NA,NA,NA,NA,NA,NA
"4","Ailurus_fulgens","Ailurus_fulgens_AILURIDAE_CARNIVORA",0,NA,NA,2,"2. Existing assembly","GCA_002007465.1","EN","Lesser panda","CARNIVORA","Ailuridae",NA,NA,NA,NA,NA,NA,NA,NA,NA,NA,NA,NA,NA,NA,NA,NA,NA
"5","Allactaga_bullata","Allactaga_bullata_DIPODIDAE_RODENTIA",0,NA,NA,1,"1. Zoonomia","GCA_004027895.1","LC","Gobi jerboa","RODENTIA","Dipodidae",NA,"Allactaga bullata","SAMN07678035","University of California, San Diego","Kimberly Cooper","Uppsala University","37,276","44,428",2.67,35.1,29.1,"54.5%","53.7%","0.8%","28.9%","16.6%",82
"6","Alouatta_palliata","Alouatta_palliata_ATELIDAE_PRIMATES",0,NA,NA,1,"1. Zoonomia","GCA_004027835.1","CR","Mexican howler monkey","PRIMATES","Atelidae","mexicana","Alouatta palliata mexicana","SAMN07678036","San Diego Zoo","Oliver Ryder","Broad Institute","59,476","83,839",2.69,33.2,43.1,"69.6%","68.0%","1.6%","20.2%","10.2%",101
"7","Ammotragus_lervia","Ammotragus_lervia_BOVIDAE_CETARTIODACTYLA",0,NA,NA,2,"2. Existing assembly","GCA_002201775.1","VU","Aoudad","CETARTIODACTYLA","Bovidae",NA,NA,NA,NA,NA,NA,NA,NA,NA,NA,NA,NA,NA,NA,NA,NA,NA
"8","Anoura_caudifer","Anoura_caudifer_PHYLLOSTOMIDAE_CHIROPTERA",0,NA,NA,1,"1. Zoonomia","GCA_004027475.1","LC","Tailed tailless bat","CHIROPTERA","Phyllostomidae",NA,"Anoura caudifer","SAMN07678033","Texas Tech University","David Ray","Uppsala University","150,858","196,885",2.1,34.4,52.5,"86.0%","85.6%","0.4%","9.5%","4.5%",57
"9","Antilocapra_americana","Antilocapra_americana_ANTILOCAPRIDAE_CETARTIODACTYLA",0,NA,NA,1,"1. Zoonomia","GCA_004027515.1","LC","Pronghorn","CETARTIODACTYLA","Antilocapridae",NA,"Antilocapra americana","SAMN07678063","San Diego Zoo","Oliver Ryder","Broad Institute","75,180","90,528",2.41,32.5,49.3,"80.4%","78.3%","2.1%","13.6%","6.0%",25
"10","Antrozous_pallidus","Antrozous_pallidus_VESPERTILIONIDAE_CHIROPTERA",0,NA,NA,3,"3. Zoonomia (not in alignment)","GCA_007922775.1","LC","Pallid bat","CHIROPTERA","Vespertilionidae",NA,"Antrozous pallidus","SAMN07678034","Texas Tech University","David Ray","Uppsala University","58,793","81,996",2.64,34.6,35.7,"76.8%","76.0%","0.8%","16.2%","7.0%",67
"11","Aotus_nancymaae","Aotus_nancymaae_AOTIDAE_PRIMATES",0,NA,NA,2,"2. Existing assembly","GCA_000952055.2","VU","Ma's night monkey","PRIMATES","Aotidae",NA,NA,NA,NA,NA,NA,NA,NA,NA,NA,NA,NA,NA,NA,NA,NA,NA
"12","Aplodontia_rufa","Aplodontia_rufa_APLODONTIIDAE_RODENTIA",0,NA,NA,1,"1. Zoonomia","GCA_004027875.1","LC","Mountain beaver","RODENTIA","Aplodontiidae",NA,"Aplodontia rufa","SAMN07678037","Texas A&M","Bill Murphy","Broad Institute","40,591","46,219",2.59,33,30.6,"67.6%","66.8%","0.8%","21.2%","11.2%",69
"13","Artibeus_jamaicensis","Artibeus_jamaicensis_PHYLLOSTOMIDAE_CHIROPTERA",0,NA,NA,1,"1. Zoonomia","GCA_004027435.1","LC","Jamacian fruit-eating bat","CHIROPTERA","Phyllostomidae",NA,"Artibeus jamaicensis","SAMN07678132","Queen Mary University","Stephen Rossiter","Uppsala University","37,407","37,407",2.17,35.5,30.2,"66.4%","65.8%","0.6%","22.1%","11.5%",54
"14","Ateles_geoffroyi","Ateles_geoffroyi_ATELIDAE_PRIMATES",0,NA,NA,1,"1. Zoonomia","GCA_004024785.1","EN","Geoffroy's spider monkey","PRIMATES","Atelidae",NA,"Ateles geoffroyi","SAMN07678064","San Diego Zoo","Oliver Ryder","Broad Institute","69,362","82,151",2.45,33.3,60,"78.2%","77.7%","0.5%","16.1%","5.7%",100
"15","Balaenoptera_acutorostrata","Balaenoptera_acutorostrata_BALAENOPTERIDAE_CETARTIODACTYLA",0,NA,NA,2,"2. Existing assembly","GCF_000493695.1","LC","Minke whale","CETARTIODACTYLA","Balaenopteridae",NA,NA,NA,NA,NA,NA,NA,NA,NA,NA,NA,NA,NA,NA,NA,NA,NA
"16","Balaenoptera_bonaerensis","Balaenoptera_bonaerensis_BALAENOPTERIDAE_CETARTIODACTYLA",0,NA,NA,2,"2. Existing assembly","GCA_000978805.1","DD","Antarctic minke whale","CETARTIODACTYLA","Balaenopteridae",NA,NA,NA,NA,NA,NA,NA,NA,NA,NA,NA,NA,NA,NA,NA,NA,NA
"17","Beatragus_hunteri","Beatragus_hunteri_BOVIDAE_CETARTIODACTYLA",0,NA,NA,1,"1. Zoonomia","GCA_004027495.1","CR","Hirola","CETARTIODACTYLA","Bovidae",NA,"Beatragus hunteri","SAMN07678065","San Diego Zoo","Oliver Ryder","Broad Institute","60,436","72,932",2.55,34.6,23.1,"76.6%","75.9%","0.7%","16.8%","6.6%",27
"18","Bison_bison","Bison_bison_BOVIDAE_CETARTIODACTYLA",0,NA,NA,2,"2. Existing assembly","GCF_000754665.1","NT","American bison","CETARTIODACTYLA","Bovidae",NA,NA,NA,NA,NA,NA,NA,NA,NA,NA,NA,NA,NA,NA,NA,NA,NA
"19","Bos_indicus","Bos_indicus_BOVIDAE_CETARTIODACTYLA",0,NA,NA,2,"2. Existing assembly","GCA_000247795.2","LC","Zebu cattle","CETARTIODACTYLA","Bovidae",NA,NA,NA,NA,NA,NA,NA,NA,NA,NA,NA,NA,NA,NA,NA,NA,NA
"20","Bos_mutus","Bos_mutus_BOVIDAE_CETARTIODACTYLA",0,NA,NA,2,"2. Existing assembly","GCF_000298355.1","VU","Wild yak","CETARTIODACTYLA","Bovidae",NA,NA,NA,NA,NA,NA,NA,NA,NA,NA,NA,NA,NA,NA,NA,NA,NA
"21","Bos_taurus","Bos_taurus_BOVIDAE_CETARTIODACTYLA",0,NA,NA,2,"2. Existing assembly","GCF_000003205.7","LC","Cattle","CETARTIODACTYLA","Bovidae",NA,NA,NA,NA,NA,NA,NA,NA,NA,NA,NA,NA,NA,NA,NA,NA,NA
"22","Bradypus_variegatus","Bradypus_variegatus_BRADYPODIDAE_PILOSA",0,NA,NA,3,"3. Zoonomia (not in alignment)","GCA_004027775.1","LC","Brown-throated sloth","PILOSA","Bradypodidae",NA,"Bradypus variegatus","SAMN07678054","The Museum of Vertebrate Zoology at Berkeley","Michael Nachman","Broad Institute","4,994","4,994",0.89,31.7,65.5,"20.6%","20.1%","0.5%","20.1%","59.3%",122
"23","Bubalus_bubalis","Bubalus_arnee_BOVIDAE_CETARTIODACTYLA",1,"domestic form of B. arnee","https://www.mammaldiversity.org/explore.html#genus=Bubalus&species=bubalis&id=1006269",2,"2. Existing assembly","GCF_000471725.1","LC","Water buffalo","CETARTIODACTYLA","Bovidae",NA,NA,NA,NA,NA,NA,NA,NA,NA,NA,NA,NA,NA,NA,NA,NA,NA
"24","Callicebus_donacophilus","Callicebus_donacophilus_PITHECIIDAE_PRIMATES",0,NA,NA,1,"1. Zoonomia","GCA_004027715.1","LC","White-eared titi","PRIMATES","Pitheciidae",NA,"Callicebus donacophilus","SAMN07678140","San Diego Zoo","Oliver Ryder","Broad Institute","46,836","52,935",2.64,34.1,23.7,"61.2%","60.2%","1.0%","25.5%","13.3%",116
"25","Callithrix_jacchus","Callithrix_jacchus_CALLITRICHIDAE_PRIMATES",0,NA,NA,2,"2. Existing assembly","GCA_002754865.1","LC","White-tufted-ear marmoset","PRIMATES","Cebidae",NA,NA,NA,NA,NA,NA,NA,NA,NA,NA,NA,NA,NA,NA,NA,NA,NA
"26","Camelus_bactrianus","Camelus_bactrianus_CAMELIDAE_CETARTIODACTYLA",0,NA,NA,2,"2. Existing assembly","GCF_000767855.1","LC","Bactrian camel","CETARTIODACTYLA","Camelidae",NA,NA,NA,NA,NA,NA,NA,NA,NA,NA,NA,NA,NA,NA,NA,NA,NA
"27","Camelus_dromedarius","Camelus_dromedarius_CAMELIDAE_CETARTIODACTYLA",0,NA,NA,2,"2. Existing assembly","GCF_000767585.1","LC","Arabian camel","CETARTIODACTYLA","Camelidae",NA,NA,NA,NA,NA,NA,NA,NA,NA,NA,NA,NA,NA,NA,NA,NA,NA
"28","Camelus_ferus","Camelus_ferus_CAMELIDAE_CETARTIODACTYLA",0,NA,NA,2,"2. Existing assembly","GCF_000311805.1","CR","Wild bactrian camel","CETARTIODACTYLA","Camelidae",NA,NA,NA,NA,NA,NA,NA,NA,NA,NA,NA,NA,NA,NA,NA,NA,NA
"29","Canis_lupus","Canis_lupus_CANIDAE_CARNIVORA",0,NA,NA,1,"1. Zoonomia","GCA_004027395.1","LC","Domestic dog (village dog)","CARNIVORA","Canidae","familiaris","Canis lupus familiaris","SAMN07678141","Cornell University","Adam Boyko","Broad Institute","110,028","173,941",2.34,33.6,66.5,"85.0%","84.0%","1.0%","10.3%","4.7%",6
"30","Canis_lupus","Canis_lupus_CANIDAE_CARNIVORA",0,NA,NA,2,"2. Existing assembly","GCF_000002285.3","LC","Domestic dog","CARNIVORA","Canidae","familiaris",NA,NA,NA,NA,NA,NA,NA,NA,NA,NA,NA,NA,NA,NA,NA,NA
"31","Capra_aegagrus","Capra_aegagrus_BOVIDAE_CETARTIODACTYLA",0,NA,NA,2,"2. Existing assembly","GCA_000978405.1","VU","Wild goat","CETARTIODACTYLA","Bovidae",NA,NA,NA,NA,NA,NA,NA,NA,NA,NA,NA,NA,NA,NA,NA,NA,NA
"32","Capra_hircus","Capra_hircus_BOVIDAE_CETARTIODACTYLA",0,NA,NA,2,"2. Existing assembly","GCF_001704415.1","LC","Goat","CETARTIODACTYLA","Bovidae",NA,NA,NA,NA,NA,NA,NA,NA,NA,NA,NA,NA,NA,NA,NA,NA,NA
"33","Capromys_pilorides","Capromys_pilorides_CAPROMYIDAE_RODENTIA",0,NA,NA,1,"1. Zoonomia","GCA_004027915.1","LC","Desmarest's hutia","RODENTIA","Capromyidae",NA,"Capromys pilorides","SAMN07678066","San Diego Zoo","Oliver Ryder","Uppsala University","6,891","6,952",2.17,34.7,26.1,"33.6%","33.1%","0.5%","29.1%","37.3%",70
"34","Carollia_perspicillata","Carollia_perspicillata_PHYLLOSTOMIDAE_CHIROPTERA",0,NA,NA,1,"1. Zoonomia","GCA_004027735.1","LC","Seba's short-tailed bat","CHIROPTERA","Phyllostomidae",NA,"Carollia perspicillata","SAMN07678055","The Museum of Vertebrate Zoology at Berkeley","Michael Nachman","Uppsala University","17,377","18,416",2.01,33.5,27.7,"43.5%","43.3%","0.2%","33.7%","22.8%",55
"35","Castor_canadensis","Castor_canadensis_CASTORIDAE_RODENTIA",0,NA,NA,1,"1. Zoonomia","GCA_004027675.1","LC","North American beaver","RODENTIA","Castoridae",NA,"Castor canadensis","SAMN07678136","Harvard Medical School","Vadim Gladyshev","Uppsala University","55,022","62,169",2.51,36.2,30.4,"72.6%","71.8%","0.8%","19.2%","8.2%",71
"36","Catagonus_wagneri","Catagonus_wagneri_TAYASSUIDAE_CETARTIODACTYLA",0,NA,NA,1,"1. Zoonomia","GCA_004024745.1","EN","Chacoan peccary","CETARTIODACTYLA","Tayassuidae",NA,"Catagonus wagneri","SAMN07678067","San Diego Zoo","Oliver Ryder","Broad Institute","173,559","236,870",2.12,33.6,87.1,"85.8%","85.0%","0.8%","10.0%","4.2%",42
"37","Cavia_aperea","Cavia_aperea_CAVIIDAE_RODENTIA",0,NA,NA,2,"2. Existing assembly","GCA_000688575.1","LC","Brazilian guinea pig","RODENTIA","Caviidae",NA,NA,NA,NA,NA,NA,NA,NA,NA,NA,NA,NA,NA,NA,NA,NA,NA
"38","Cavia_porcellus","Cavia_porcellus_CAVIIDAE_RODENTIA",0,NA,NA,2,"2. Existing assembly","GCF_000151735.1","LC","Domestic guinea pig","RODENTIA","Caviidae",NA,NA,NA,NA,NA,NA,NA,NA,NA,NA,NA,NA,NA,NA,NA,NA,NA
"39","Cavia_tschudii","Cavia_tschudii_CAVIIDAE_RODENTIA",0,NA,NA,1,"1. Zoonomia","GCA_004027695.1","LC","Montane guinea pig","RODENTIA","Caviidae",NA,"Cavia tschudii","SAMN07678017","Texas A&M","Bill Murphy","Uppsala University","79,889","113,293",2.63,34.7,34.8,"82.8%","82.4%","0.4%","11.6%","5.6%",72
"40","Cebus_albifrons","Cebus_albifrons_CEBIDAE_PRIMATES",0,NA,NA,1,"1. Zoonomia","GCA_004027755.1","LC","White-fronted capuchin","PRIMATES","Cebidae",NA,"Cebus albifrons","SAMN07678068","San Diego Zoo","Oliver Ryder","Broad Institute","31,522","38,809",2.61,32.7,28.8,"53.0%","52.0%","1.0%","30.5%","16.5%",103
"41","Cebus_capucinus","Cebus_capucinus_CEBIDAE_PRIMATES",0,NA,NA,2,"2. Existing assembly","GCF_001604975.1","LC","White-faced sapajou","PRIMATES","Cebidae",NA,NA,NA,NA,NA,NA,NA,NA,NA,NA,NA,NA,NA,NA,NA,NA,NA
"42","Ceratotherium_simum","Ceratotherium_simum_RHINOCEROTIDAE_PERISSODACTYLA",0,NA,NA,1,"1. Zoonomia","GCA_004027795.1","CR","Northern white rhino","PERISSODACTYLA","Rhinocerotidae","cottoni","Ceratotherium simum cottoni","SAMN07678069","San Diego Zoo","Oliver Ryder","Broad Institute","23,748","25,821",2.4,32.9,29.2,"48.7%","47.1%","1.6%","33.3%","18.0%",22
"43","Ceratotherium_simum","Ceratotherium_simum_RHINOCEROTIDAE_PERISSODACTYLA",0,NA,NA,2,"2. Existing assembly","GCF_000283155.1","NT","Southern white rhinoceros","PERISSODACTYLA","Rhinocerotidae",NA,NA,NA,NA,NA,NA,NA,NA,NA,NA,NA,NA,NA,NA,NA,NA,NA
"44","Cercocebus_atys","Cercocebus_atys_CERCOPITHECIDAE_PRIMATES",0,NA,NA,2,"2. Existing assembly","GCF_000955945.1","NT","Sooty mangabey","PRIMATES","Cercopithecidae",NA,NA,NA,NA,NA,NA,NA,NA,NA,NA,NA,NA,NA,NA,NA,NA,NA
"45","Cercopithecus_neglectus","Cercopithecus_neglectus_CERCOPITHECIDAE_PRIMATES",0,NA,NA,1,"1. Zoonomia","GCA_004027615.1","LC","De brazza's monkey","PRIMATES","Cercopithecidae",NA,"Cercopithecus neglectus","SAMN07678070","San Diego Zoo","Oliver Ryder","Broad Institute","13,610","14,555",2.59,32.2,27.5,"40.3%","39.6%","0.7%","32.6%","27.1%",104
"46","Chaetophractus_vellerosus","Chaetophractus_vellerosus_DASYPODIDAE_CINGULATA",0,NA,NA,1,"1. Zoonomia","GCA_004027955.1","LC","Screaming hairy armadillo","CINGULATA","Dasypodidae",NA,"Chaetophractus vellerosus","SAMN07678071","San Diego Zoo","Oliver Ryder","Uppsala University","5,322","5,324",2.79,36.2,22.9,"15.2%","14.9%","0.3%","34.9%","49.9%",120
"47","Cheirogaleus_medius","Cheirogaleus_medius_CHEIROGALEIDAE_PRIMATES",0,NA,NA,1,"1. Zoonomia","GCA_004024725.1","LC","Fat-tailed dwarf lemur","PRIMATES","Cheirogaleidae",NA,"Cheirogaleus medius","SAMN07678072","San Diego Zoo","Oliver Ryder","Broad Institute","98,513","127,877",2.23,32.8,74.6,"80.2%","79.0%","1.3%","13.9%","5.9%",110
"48","Chinchilla_lanigera","Chinchilla_lanigera_CHINCHILLIDAE_RODENTIA",0,NA,NA,2,"2. Existing assembly","GCF_000276665.1","EN","Long-tailed chinchilla","RODENTIA","Chinchillidae",NA,NA,NA,NA,NA,NA,NA,NA,NA,NA,NA,NA,NA,NA,NA,NA,NA
"49","Chlorocebus_sabaeus","Chlorocebus_sabaeus_CERCOPITHECIDAE_PRIMATES",0,NA,NA,2,"2. Existing assembly","GCF_000409795.2","LC","Green monkey","PRIMATES","Cercopithecidae",NA,NA,NA,NA,NA,NA,NA,NA,NA,NA,NA,NA,NA,NA,NA,NA,NA
"50","Choloepus_didactylus","Choloepus_didactylus_MEGALONYCHIDAE_PILOSA",0,NA,NA,1,"1. Zoonomia","GCA_004027855.1","LC","Linnaeus's two toed sloth","PILOSA","Megalonychidae",NA,"Choloepus didactylus","SAMN07678073","San Diego Zoo","Oliver Ryder","Uppsala University","10,107","10,426",2.59,34.9,19.6,"29.3%","28.5%","0.8%","36.1%","34.6%",123
"51","Choloepus_hoffmanni","Choloepus_hoffmanni_MEGALONYCHIDAE_PILOSA",0,NA,NA,2,"2. Existing assembly","GCA_000164785.2","LC","Hoffmann's two-fingered sloth","PILOSA","Megalonychidae",NA,NA,NA,NA,NA,NA,NA,NA,NA,NA,NA,NA,NA,NA,NA,NA,NA
"52","Chrysochloris_asiatica","Chrysochloris_asiatica_CHRYSOCHLORIDAE_AFROSORICIDA",0,NA,NA,1,"1. Zoonomia","GCA_004027935.1","LC","Cape golden mole","AFROSORICIDA","Chrysochloridae",NA,"Chrysochloris asiatica","SAMN07678135","University of Stellenbosch, South Africa","TJ Robinson","Broad Institute","9,805","10,008",3.53,34,25,"32.9%","32.3%","0.6%","33.0%","34.1%",128
"53","Colobus_angolensis","Colobus_angolensis_CERCOPITHECIDAE_PRIMATES",0,NA,NA,2,"2. Existing assembly","GCF_000951035.1","VU","Angolan colobus","PRIMATES","Cercopithecidae",NA,NA,NA,NA,NA,NA,NA,NA,NA,NA,NA,NA,NA,NA,NA,NA,NA
"54","Condylura_cristata","Condylura_cristata_TALPIDAE_EULIPOTYPHLA",0,NA,NA,2,"2. Existing assembly","GCF_000260355.1","LC","Star-nosed mole","EULIPOTYPHLA","Talpidae",NA,NA,NA,NA,NA,NA,NA,NA,NA,NA,NA,NA,NA,NA,NA,NA,NA
"55","Craseonycteris_thonglongyai","Craseonycteris_thonglongyai_CRASEONYCTERIDAE_CHIROPTERA",0,NA,NA,1,"1. Zoonomia","GCA_004027555.1","VU","Bumblebee bat","CHIROPTERA","Craseonycteridae",NA,"Craseonycteris thonglongyai","SAMN07678039","University College Dublin","Emma Teeling","Uppsala University","28,297","31,618",1.93,35.1,52.2,"60.7%","60.0%","0.7%","26.2%","13.1%",46
"56","Cricetomys_gambianus","Cricetomys_gambianus_NESOMYIDAE_RODENTIA",0,NA,NA,1,"1. Zoonomia","GCA_004027575.1","LC","Gambian pouched rat","RODENTIA","Nesomyidae",NA,"Cricetomys gambianus","SAMN07678025","Cornell University","Danielle Lee","Uppsala University","100,332","137,544",2.06,33.7,36.7,"84.2%","83.7%","0.5%","11.6%","4.2%",94
"57","Cricetulus_griseus","Cricetulus_barabensis_CRICETIDAE_RODENTIA",1,"griseus is a synonym of C. barabensis","https://www.mammaldiversity.org/explore.html#genus=Cricetulus&species=barabensis&id=1002204",2,"2. Existing assembly","GCA_900186095.1","LC","Chinese hamster","RODENTIA","Nesomyidae",NA,NA,NA,NA,NA,NA,NA,NA,NA,NA,NA,NA,NA,NA,NA,NA,NA
"58","Crocidura_indochinensis","Crocidura_indochinensis_SORICIDAE_EULIPOTYPHLA",0,NA,NA,1,"1. Zoonomia","GCA_004027635.1","LC","Indochinese shrew","EULIPOTYPHLA","Soricidae",NA,"Crocidura indochinensis","SAMN07678044","University of Manitoba","Kevin Campbell","Uppsala University","8,485","8,747",2.23,33.4,32.2,"20.6%","20.1%","0.5%","36.5%","42.9%",2
"59","Cryptoprocta_ferox","Cryptoprocta_ferox_EUPLERIDAE_CARNIVORA",0,NA,NA,1,"1. Zoonomia","GCA_004023885.1","VU","Fossa","CARNIVORA","Eupleridae",NA,"Cryptoprocta ferox","SAMN07678074","San Diego Zoo","Oliver Ryder","Broad Institute","137,953","186,904",2.32,32.2,46.3,"85.9%","84.9%","1.0%","10.6%","3.5%",7
"60","Ctenodactylus_gundi","Ctenodactylus_gundi_CTENODACTYLIDAE_RODENTIA",0,NA,NA,1,"1. Zoonomia","GCA_004027205.1","LC","Common gundi","RODENTIA","Ctenodactylidae",NA,"Ctenodactylus gundi","SAMN07678018","Texas A&M","Bill Murphy","Uppsala University","246,904","408,695",2.07,35.8,51,"90.1%","89.7%","0.4%","6.5%","3.4%",77
"61","Ctenomys_sociabilis","Ctenomys_sociabilis_CTENOMYIDAE_RODENTIA",0,NA,NA,1,"1. Zoonomia","GCA_004027165.1","CR","Social tuco-tuco","RODENTIA","Ctenomyidae",NA,"Ctenomys sociabilis","SAMN07678051","University of New Hampshire","Matt MacManes","Broad Institute","41,379","54,015",2.6,32.9,26.5,"65.5%","63.3%","2.2%","21.6%","12.9%",78
"62","Cuniculus_paca","Cuniculus_paca_CUNICULIDAE_RODENTIA",0,NA,NA,1,"1. Zoonomia","GCA_004365215.1","LC","Lowland paca","RODENTIA","Cuniculidae",NA,"Cuniculus paca","SAMN07678075","San Diego Zoo","Oliver Ryder","Broad Institute","9,059","9,234",2.17,33.5,23.4,"26.0%","25.8%","0.2%","38.2%","35.8%",79
"63","Dasyprocta_punctata","Dasyprocta_punctata_DASYPROCTIDAE_RODENTIA",0,NA,NA,1,"1. Zoonomia","GCA_004363535.1","LC","Central American agouti","RODENTIA","Dasyproctidae",NA,"Dasyprocta punctata","SAMN07678076","San Diego Zoo","Oliver Ryder","Broad Institute","44,076","50,437",2.72,32.1,40,"67.0%","66.4%","0.6%","20.9%","12.1%",80
"64","Dasypus_novemcinctus","Dasypus_novemcinctus_DASYPODIDAE_CINGULATA",0,NA,NA,2,"2. Existing assembly","GCF_000208655.1","LC","Nine-banded armadillo","CINGULATA","Dasypodidae",NA,NA,NA,NA,NA,NA,NA,NA,NA,NA,NA,NA,NA,NA,NA,NA,NA
"65","Daubentonia_madagascariensis","Daubentonia_madagascariensis_DAUBENTONIIDAE_PRIMATES",0,NA,NA,1,"1. Zoonomia","GCA_004027145.1","EN","Aye-aye","PRIMATES","Daubentoniidae",NA,"Daubentonia madagascariensis","SAMN07678077","San Diego Zoo","Oliver Ryder","Broad Institute","311,553","396,444",2.4,34.3,76.4,"91.0%","90.4%","0.6%","6.2%","2.8%",111
"66","Delphinapterus_leucas","Delphinapterus_leucas_MONODONTIDAE_CETARTIODACTYLA",0,NA,NA,2,"2. Existing assembly","GCF_002288925.1","LC","Beluga whale","CETARTIODACTYLA","Monodontidae",NA,NA,NA,NA,NA,NA,NA,NA,NA,NA,NA,NA,NA,NA,NA,NA,NA
"67","Desmodus_rotundus","Desmodus_rotundus_PHYLLOSTOMIDAE_CHIROPTERA",0,NA,NA,2,"2. Existing assembly","GCA_002940915.2","LC","Common vampire bat","CHIROPTERA","Phyllostomidae",NA,NA,NA,NA,NA,NA,NA,NA,NA,NA,NA,NA,NA,NA,NA,NA,NA
"68","Dicerorhinus_sumatrensis","Dicerorhinus_sumatrensis_RHINOCEROTIDAE_PERISSODACTYLA",0,NA,NA,2,"2. Existing assembly","GCA_002844835.1","CR","Sumatran rhinoceros","PERISSODACTYLA","Rhinocerotidae",NA,NA,NA,NA,NA,NA,NA,NA,NA,NA,NA,NA,NA,NA,NA,NA,NA
"69","Diceros_bicornis","Diceros_bicornis_RHINOCEROTIDAE_PERISSODACTYLA",0,NA,NA,1,"1. Zoonomia","GCA_004027315.1","CR","Black rhinocerous","PERISSODACTYLA","Rhinocerotidae",NA,"Diceros bicornis","SAMN07678078","San Diego Zoo","Oliver Ryder","Broad Institute","114,126","151,674",2.44,32.4,44.9,"83.4%","82.9%","0.5%","12.9%","3.7%",21
"70","Dinomys_branickii","Dinomys_branickii_DINOMYIDAE_RODENTIA",0,NA,NA,1,"1. Zoonomia","GCA_004027595.1","LC","Pacarana","RODENTIA","Dinomyidae",NA,"Dinomys branickii","SAMN07678079","San Diego Zoo","Oliver Ryder","Uppsala University","75,870","91,033",2.37,36.3,31.9,"77.3%","76.5%","0.8%","15.0%","7.7%",81
"71","Dipodomys_ordii","Dipodomys_ordii_HETEROMYIDAE_RODENTIA",0,NA,NA,2,"2. Existing assembly","GCF_000151885.1","LC","Ord's kangaroo rat","RODENTIA","Heteromyidae",NA,NA,NA,NA,NA,NA,NA,NA,NA,NA,NA,NA,NA,NA,NA,NA,NA
"72","Dipodomys_stephensi","Dipodomys_stephensi_HETEROMYIDAE_RODENTIA",0,NA,NA,1,"1. Zoonomia","GCA_004024685.1","VU","Stephen's kangaroo rat","RODENTIA","Heteromyidae",NA,"Dipodomys stephensi","SAMN07678080","San Diego Zoo","Oliver Ryder","Broad Institute","38,472","45,983",1.95,59.2,59.2,"64.7%","63.8%","0.9%","25.5%","9.8%",88
"73","Dolichotis_patagonum","Dolichotis_patagonum_CAVIIDAE_RODENTIA",0,NA,NA,1,"1. Zoonomia","GCA_004027295.1","NT","Patagonian mara","RODENTIA","Caviidae",NA,"Dolichotis patagonum","SAMN07678081","San Diego Zoo","Oliver Ryder","Uppsala University","40,160","45,179",2.66,34.4,30.8,"70.6%","70.2%","0.4%","19.0%","10.4%",73
"74","Echinops_telfairi","Echinops_telfairi_TENRECIDAE_AFROSORICIDA",0,NA,NA,2,"2. Existing assembly","GCF_000313985.1","LC","Small madagascar hedgehog","AFROSORICIDA","Tenrecidae",NA,NA,NA,NA,NA,NA,NA,NA,NA,NA,NA,NA,NA,NA,NA,NA,NA
"75","Eidolon_helvum","Eidolon_helvum_PTEROPODIDAE_CHIROPTERA",0,NA,NA,2,"2. Existing assembly","GCA_000465285.1","NT","Straw-colored fruit bat","CHIROPTERA","Pteropodidae",NA,NA,NA,NA,NA,NA,NA,NA,NA,NA,NA,NA,NA,NA,NA,NA,NA
"76","Elaphurus_davidianus","Elaphurus_davidianus_CERVIDAE_CETARTIODACTYLA",0,NA,NA,2,"2. Existing assembly","GCA_002443075.1","CR","Pere david's deer","CETARTIODACTYLA","Cervidae",NA,NA,NA,NA,NA,NA,NA,NA,NA,NA,NA,NA,NA,NA,NA,NA,NA
"77","Elephantulus_edwardii","Elephantulus_edwardii_MACROSCELIDIDAE_MACROSCELIDEA",0,NA,NA,1,"1. Zoonomia","GCA_004027355.1","LC","Cape elephant shrew","MACROSCELIDEA","Macroscelididae",NA,"Elephantulus edwardii","SAMN07678142","University of Stellenbosch, South Africa","TJ Robinson","Broad Institute","20,663","22,368",3.53,33.1,33,"48.3%","45.7%","2.6%","30.2%","21.5%",131
"78","Ellobius_lutescens","Ellobius_lutescens_CRICETIDAE_RODENTIA",0,NA,NA,2,"2. Existing assembly","GCA_001685075.1","LC","Transcaucasian mole vole","RODENTIA","Cricetidae",NA,NA,NA,NA,NA,NA,NA,NA,NA,NA,NA,NA,NA,NA,NA,NA,NA
"79","Ellobius_talpinus","Ellobius_talpinus_CRICETIDAE_RODENTIA",0,NA,NA,2,"2. Existing assembly","GCA_001685095.1","LC","Northern mole vole","RODENTIA","Cricetidae",NA,NA,NA,NA,NA,NA,NA,NA,NA,NA,NA,NA,NA,NA,NA,NA,NA
"80","Enhydra_lutris","Enhydra_lutris_MUSTELIDAE_CARNIVORA",0,NA,NA,2,"2. Existing assembly","GCF_002288905.1","EN","Sea otter","CARNIVORA","Mustelidae",NA,NA,NA,NA,NA,NA,NA,NA,NA,NA,NA,NA,NA,NA,NA,NA,NA
"81","Eptesicus_fuscus","Eptesicus_fuscus_VESPERTILIONIDAE_CHIROPTERA",0,NA,NA,2,"2. Existing assembly","GCF_000308155.1","LC","Big brown bat","CHIROPTERA","Vespertilionidae",NA,NA,NA,NA,NA,NA,NA,NA,NA,NA,NA,NA,NA,NA,NA,NA,NA
"82","Equus_asinus","Equus_africanus_EQUIDAE_PERISSODACTYLA",1,"domestic form of E. africanus","https://www.mammaldiversity.org/explore.html#genus=Equus&species=asinus&id=1006121",2,"2. Existing assembly","GCF_001305755.1","LC","Ass","PERISSODACTYLA","Equidae",NA,NA,NA,NA,NA,NA,NA,NA,NA,NA,NA,NA,NA,NA,NA,NA,NA
"83","Equus_caballus","Equus_caballus_EQUIDAE_PERISSODACTYLA",0,NA,NA,2,"2. Existing assembly","GCF_000002305.2","LC","Horse","PERISSODACTYLA","Equidae",NA,NA,NA,NA,NA,NA,NA,NA,NA,NA,NA,NA,NA,NA,NA,NA,NA
"84","Equus_przewalskii","Equus_ferus_EQUIDAE_PERISSODACTYLA",1,"wild form of E. caballus; includes przewalskii","https://www.mammaldiversity.org/explore.html#genus=Equus&species=ferus&id=1006123",2,"2. Existing assembly","GCF_000696695.1","EN","Przewalski's horse","PERISSODACTYLA","Equidae",NA,NA,NA,NA,NA,NA,NA,NA,NA,NA,NA,NA,NA,NA,NA,NA,NA
"85","Erinaceus_europaeus","Erinaceus_europaeus_ERINACEIDAE_EULIPOTYPHLA",0,NA,NA,2,"2. Existing assembly","GCF_000296755.1","LC","Western european hedgehog","EULIPOTYPHLA","Erinaceidae",NA,NA,NA,NA,NA,NA,NA,NA,NA,NA,NA,NA,NA,NA,NA,NA,NA
"86","Erythrocebus_patas","Erythrocebus_patas_CERCOPITHECIDAE_PRIMATES",0,NA,NA,1,"1. Zoonomia","GCA_004027335.1","LC","Patas monkey","PRIMATES","Cercopithecidae",NA,"Erythrocebus patas","SAMN07678082","San Diego Zoo","Oliver Ryder","Broad Institute","39,816","48,853",2.75,32.7,43.7,"62.5%","61.5%","1.0%","25.4%","12.1%",106
"87","Eschrichtius_robustus","Eschrichtius_robustus_ESCHRICHTIIDAE_CETARTIODACTYLA",0,NA,NA,1,"1. Zoonomia","GCA_004363415.1","LC","Grey whale","CETARTIODACTYLA","Eschrichtiidae",NA,"Eschrichtius robustus","SAMN07678123","Southwest Fisheries Science Center","Phillip Morin","Broad Institute","78,871","107,875",2.33,32.3,40.5,"79.2%","78.1%","1.1%","15.2%","5.6%",32
"88","Eubalaena_japonica","Eubalaena_japonica_BALAENIDAE_CETARTIODACTYLA",0,NA,NA,1,"1. Zoonomia","GCA_004363455.1","EN","North Pacific right whale","CETARTIODACTYLA","Balaenidae",NA,"Eubalaena japonica","SAMN07678124","Southwest Fisheries Science Center","Phillip Morin","Broad Institute","41,990","48,127",2.31,33.7,40,"69.0%","67.7%","1.3%","22.6%","8.4%",26
"89","Eulemur_flavifrons","Eulemur_flavifrons_LEMURIDAE_PRIMATES",0,NA,NA,2,"2. Existing assembly","GCA_001262665.1","CR","Sclater's lemur","PRIMATES","Lemuridae",NA,NA,NA,NA,NA,NA,NA,NA,NA,NA,NA,NA,NA,NA,NA,NA,NA
"90","Eulemur_fulvus","Eulemur_fulvus_LEMURIDAE_PRIMATES",0,NA,NA,1,"1. Zoonomia","GCA_004027275.1","NT","Common brown lemur","PRIMATES","Lemuridae",NA,"Eulemur fulvus","SAMN07678083","San Diego Zoo","Oliver Ryder","Broad Institute","28,544","30,373",2.24,34,63.5,"52.6%","51.9%","0.7%","31.8%","15.6%",113
"91","Felis_catus","Felis_catus_FELIDAE_CARNIVORA",0,NA,NA,2,"2. Existing assembly","GCF_000181335.2","LC","Domestic cat","CARNIVORA","Felidae",NA,NA,NA,NA,NA,NA,NA,NA,NA,NA,NA,NA,NA,NA,NA,NA,NA
"92","Felis_nigripes","Felis_nigripes_FELIDAE_CARNIVORA",0,NA,NA,1,"1. Zoonomia","GCA_004023925.1","VU","Black-footed cat","CARNIVORA","Felidae",NA,"Felis nigripes","SAMN07678084","San Diego Zoo","Oliver Ryder","Broad Institute","16,930","19,727",2.27,33.5,17.1,"37.7%","37.5%","0.2%","40.8%","21.5%",8
"93","Fukomys_damarensis","Fukomys_damarensis_BATHYERGIDAE_RODENTIA",0,NA,NA,2,"2. Existing assembly","GCF_000743615.1","LC","Damara mole-rat","RODENTIA","Bathyergidae",NA,NA,NA,NA,NA,NA,NA,NA,NA,NA,NA,NA,NA,NA,NA,NA,NA
"94","Galeopterus_variegatus","Galeopterus_variegatus_CYNOCEPHALIDAE_DERMOPTERA",0,NA,NA,1,"1. Zoonomia","GCA_004027255.1","LC","Sunda flying lemur","DERMOPTERA","Cynocephalidae",NA,"Galeopterus variegatus","SAMN07678019","Texas A&M","Bill Murphy","Uppsala University","44,327","49,765",2.69,36.1,35.5,"69.8%","68.9%","0.9%","19.2%","11.0%",118
"95","Giraffa_tippelskirchi","Giraffa_camelopardalis_GIRAFFIDAE_CETARTIODACTYLA",1,"split from G. camelopardalis","https://www.mammaldiversity.org/explore.html#genus=Giraffa&species=tippelskirchi&id=1006342",2,"2. Existing assembly","GCA_001651235.1","VU","Giraffe","CETARTIODACTYLA","Giraffidae",NA,NA,NA,NA,NA,NA,NA,NA,NA,NA,NA,NA,NA,NA,NA,NA,NA
"96","Glis_glis","Glis_glis_GLIRIDAE_RODENTIA",0,NA,NA,1,"1. Zoonomia","GCA_004027185.1","LC","Edible dormouse","RODENTIA","Gliridae",NA,"Glis glis","SAMN07678015","University of California, Los Angeles","Alice Mouton","Uppsala University","27,095","31,560",2.35,34.9,31.8,"49.6%","48.9%","0.7%","33.9%","16.5%",84
"97","Gorilla_gorilla","Gorilla_gorilla_HOMINIDAE_PRIMATES",0,NA,NA,2,"2. Existing assembly","GCA_900006655.3","CR","Western lowland gorilla","PRIMATES","Hominidae",NA,NA,NA,NA,NA,NA,NA,NA,NA,NA,NA,NA,NA,NA,NA,NA,NA
"98","Graphiurus_murinus","Graphiurus_murinus_GLIRIDAE_RODENTIA",0,NA,NA,1,"1. Zoonomia","GCA_004027655.1","LC","Woodland doormouse","RODENTIA","Gliridae",NA,"Graphiurus murinus","SAMN07678085","San Diego Zoo","Oliver Ryder","Uppsala University","27,731","36,873",2.42,36.2,35,"51.9%","51.2%","0.7%","29.6%","18.5%",86
"99","Helogale_parvula","Helogale_parvula_HERPESTIDAE_CARNIVORA",0,NA,NA,1,"1. Zoonomia","GCA_004023845.1","LC","Dwarf mongoose","CARNIVORA","Herpestidae",NA,"Helogale parvula","SAMN07678086","San Diego Zoo","Oliver Ryder","Uppsala University","116,675","184,757",2.33,34,32.3,"83.9%","83.2%","0.7%","11.8%","4.3%",10
"100","Hemitragus_hylocrius","Nilgiritragus_hylocrius_BOVIDAE_CETARTIODACTYLA",1,"moved from Hemitragus to Nilgiritragus","https://www.mammaldiversity.org/explore.html#genus=Nilgiritragus&species=hylocrius&id=1006200",1,"1. Zoonomia","GCA_004026825.1","EN","Nilgiri tahr","CETARTIODACTYLA","Bovidae",NA,"Hemitragus hylocrius","SAMN07678087","San Diego Zoo","Oliver Ryder","Broad Institute","69,919","89,641",2.58,32.5,29.4,"79.9%","78.4%","1.5%","14.1%","6.0%",28
"101","Heterocephalus_glaber","Heterocephalus_glaber_HETEROCEPHALIDAE_RODENTIA",0,NA,NA,2,"2. Existing assembly","GCF_000247695.1","LC","Naked mole-rat","RODENTIA","Bathyergidae",NA,NA,NA,NA,NA,NA,NA,NA,NA,NA,NA,NA,NA,NA,NA,NA,NA
"102","Heterohyrax_brucei","Heterohyrax_brucei_PROCAVIIDAE_HYRACOIDEA",0,NA,NA,1,"1. Zoonomia","GCA_004026845.1","LC","African yellow-spotted rock hyrax","HYRACOIDEA","Procaviidae",NA,"Heterohyrax brucei","SAMN07678088","San Diego Zoo","Oliver Ryder","Uppsala University","70,066","75,986",3.31,37.2,24.4,"76.4%","75.6%","0.8%","15.5%","8.1%",126
"103","Hippopotamus_amphibius","Hippopotamus_amphibius_HIPPOPOTAMIDAE_CETARTIODACTYLA",0,NA,NA,1,"1. Zoonomia","GCA_004027065.1","VU","Hippopotamus","CETARTIODACTYLA","Hippopotamidae",NA,"Hippopotamus amphibius","SAMN07678089","San Diego Zoo","Oliver Ryder","Broad Institute","84,845","98,945",2.39,33.9,77,"80.8%","79.0%","1.8%","13.7%","5.5%",33
"104","Hipposideros_armiger","Hipposideros_armiger_HIPPOSIDERIDAE_CHIROPTERA",0,NA,NA,2,"2. Existing assembly","GCA_001890085.1","LC","Great roundleaf bat","CHIROPTERA","Hipposideridae",NA,NA,NA,NA,NA,NA,NA,NA,NA,NA,NA,NA,NA,NA,NA,NA,NA
"105","Hipposideros_galeritus","Hipposideros_galeritus_HIPPOSIDERIDAE_CHIROPTERA",0,NA,NA,1,"1. Zoonomia","GCA_004027415.1","LC","Cantor's leaf-nosed bat","CHIROPTERA","Hipposideridae",NA,"Hipposideros galeritus","SAMN07678026","Texas Tech University","David Ray","Uppsala University","38,797","44,060",2.16,36.1,46,"65.7%","62.9%","2.8%","21.3%","13.0%",47
"106","Homo_sapiens","Homo_sapiens_HOMINIDAE_PRIMATES",0,NA,NA,2,"2. Existing assembly","GCA_000001405.27","LC","Human","PRIMATES","Hominidae",NA,NA,NA,NA,NA,NA,NA,NA,NA,NA,NA,NA,NA,NA,NA,NA,NA
"107","Hyaena_hyaena","Hyaena_hyaena_HYAENIDAE_CARNIVORA",0,NA,NA,1,"1. Zoonomia","GCA_004023945.1","NT","Striped hyena","CARNIVORA","Hyaenidae",NA,"Hyaena hyaena","SAMN07678047","Smithsonian Insitute","Klaus Koepfli","Broad Institute","53,836","69,191",2.34,32.7,31.3,"71.1%","70.1%","1.0%","20.0%","8.9%",13
"108","Hydrochoerus_hydrochaeris","Hydrochoerus_hydrochaeris_CAVIIDAE_RODENTIA",0,NA,NA,1,"1. Zoonomia","GCA_004027455.1","LC","Capybara","RODENTIA","Caviidae",NA,"Hydrochoerus hydrochaeris","SAMN07678143","San Diego Zoo","Oliver Ryder","Uppsala University","162,656","221,449",2.53,36.9,28.2,"86.1%","85.5%","0.6%","9.0%","4.9%",89
"109","Hystrix_cristata","Hystrix_cristata_HYSTRICIDAE_RODENTIA",0,NA,NA,1,"1. Zoonomia","GCA_004026905.1","LC","Northern crested porcupine","RODENTIA","Hystricidae",NA,"Hystrix cristata","SAMN07678090","San Diego Zoo","Oliver Ryder","Uppsala University","68,186","77,560",2.13,35.5,35.2,"76.7%","76.0%","0.7%","16.1%","7.2%",90
"110","Ictidomys_tridecemlineatus","Ictidomys_tridecemlineatus_SCIURIDAE_RODENTIA",0,NA,NA,2,"2. Existing assembly","GCF_000236235.1","LC","Thirteen-lined ground squirrel","RODENTIA","Sciuridae",NA,NA,NA,NA,NA,NA,NA,NA,NA,NA,NA,NA,NA,NA,NA,NA,NA
"111","Indri_indri","Indri_indri_INDRIIDAE_PRIMATES",0,NA,NA,1,"1. Zoonomia","GCA_004363605.1","CR","Indri","PRIMATES","Indridae",NA,"Indri indri","SAMN07678091","San Diego Zoo","Oliver Ryder","Broad Institute","33,103","36,269",2.31,32.4,34.4,"60.8%","60.0%","0.8%","26.3%","12.9%",112
"112","Inia_geoffrensis","Inia_geoffrensis_INIIDAE_CETARTIODACTYLA",0,NA,NA,1,"1. Zoonomia","GCA_004363515.1","DD","Amazon river dolphin","CETARTIODACTYLA","Iniidae",NA,"Inia geoffrensis","SAMN07678125","Southwest Fisheries Science Center","Phillip Morin","Broad Institute","30,246","33,256",2.26,31.8,42.5,"58.7%","57.8%","0.9%","25.3%","16.0%",34
"113","Jaculus_jaculus","Jaculus_jaculus_DIPODIDAE_RODENTIA",0,NA,NA,2,"2. Existing assembly","GCF_000280705.1","LC","Lesser egyptian jerboa","RODENTIA","Dipodidae",NA,NA,NA,NA,NA,NA,NA,NA,NA,NA,NA,NA,NA,NA,NA,NA,NA
"114","Kogia_breviceps","Kogia_breviceps_PHYSETERIDAE_CETARTIODACTYLA",0,NA,NA,1,"1. Zoonomia","GCA_004363705.1","DD","Pygmy sperm whale","CETARTIODACTYLA","Physeteridae",NA,"Kogia breviceps","SAMN07678126","Southwest Fisheries Science Center","Phillip Morin","Broad Institute","31,609","34,952",2.37,34.5,38.8,"58.8%","58.1%","0.7%","27.3%","13.9%",35
"115","Lasiurus_borealis","Lasiurus_borealis_VESPERTILIONIDAE_CHIROPTERA",0,NA,NA,1,"1. Zoonomia","GCA_004026805.1","LC","Eastern red bat","CHIROPTERA","Vespertilionidae",NA,"Lasiurus borealis","SAMN07678027","Texas Tech University","David Ray","Uppsala University","35,447","41,005",2.71,35.2,42.1,"62.3%","49.9%","1.2%","25.5%","12.2%",64
"116","Lemur_catta","Lemur_catta_LEMURIDAE_PRIMATES",0,NA,NA,1,"1. Zoonomia","GCA_004024665.1","EN","Ring tailed lemur","PRIMATES","Lemuridae",NA,"Lemur catta","SAMN07678092","San Diego Zoo","Oliver Ryder","Broad Institute","77,783","108,458",2.25,31.6,56,"75.4%","75.0%","0.4%","17.9%","6.7%",114
"117","Leptonychotes_weddellii","Leptonychotes_weddellii_PHOCIDAE_CARNIVORA",0,NA,NA,2,"2. Existing assembly","GCF_000349705.1","LC","Weddell seal","CARNIVORA","Phocidae",NA,NA,NA,NA,NA,NA,NA,NA,NA,NA,NA,NA,NA,NA,NA,NA,NA
"118","Lepus_americanus","Lepus_americanus_LEPORIDAE_LAGOMORPHA",0,NA,NA,1,"1. Zoonomia","GCA_004026855.1","LC","Snowshoe hare","LAGOMORPHA","Leporidae",NA,"Lepus Americanus","SAMN07678042","University of Montana","Jeffrey Good","Broad Institute","19,314","21,687",2.59,32.5,32.6,"45.6%","44.6%","1.0%","32.7%","21.7%",68
"119","Lipotes_vexillifer","Lipotes_vexillifer_INIIDAE_CETARTIODACTYLA",0,NA,NA,2,"2. Existing assembly","GCF_000442215.1","CR","Yangtze river dolphin","CETARTIODACTYLA","Iniidae",NA,NA,NA,NA,NA,NA,NA,NA,NA,NA,NA,NA,NA,NA,NA,NA,NA
"120","Loxodonta_Africana","Loxodonta_africana_ELEPHANTIDAE_PROBOSCIDEA",1,"lower case 'africana'","https://www.mammaldiversity.org/explore.html#genus=Loxodonta&species=africana&id=1000522",2,"2. Existing assembly","GCF_000001905.1","VU","African savanna elephant","PROBOSCIDEA","Elephantidae",NA,NA,NA,NA,NA,NA,NA,NA,NA,NA,NA,NA,NA,NA,NA,NA,NA
"121","Lycaon_pictus","Lycaon_pictus_CANIDAE_CARNIVORA",0,NA,NA,2,"2. Existing assembly","GCA_001887905.1","EN","African hunting dog","CARNIVORA","Canidae",NA,NA,NA,NA,NA,NA,NA,NA,NA,NA,NA,NA,NA,NA,NA,NA,NA
"122","Macaca_fascicularis","Macaca_fascicularis_CERCOPITHECIDAE_PRIMATES",0,NA,NA,2,"2. Existing assembly","GCF_000364345.1","DD","Crab-eating macaque","PRIMATES","Cercopithecidae",NA,NA,NA,NA,NA,NA,NA,NA,NA,NA,NA,NA,NA,NA,NA,NA,NA
"123","Macaca_mulatta","Macaca_mulatta_CERCOPITHECIDAE_PRIMATES",0,NA,NA,2,"2. Existing assembly","GCF_000772875.2","LC","Rhesus monkey","PRIMATES","Cercopithecidae",NA,NA,NA,NA,NA,NA,NA,NA,NA,NA,NA,NA,NA,NA,NA,NA,NA
"124","Macaca_nemestrina","Macaca_nemestrina_CERCOPITHECIDAE_PRIMATES",0,NA,NA,2,"2. Existing assembly","GCF_000956065.1","VU","Pig-tailed macaque","PRIMATES","Cercopithecidae",NA,NA,NA,NA,NA,NA,NA,NA,NA,NA,NA,NA,NA,NA,NA,NA,NA
"125","Macroglossus_sobrinus","Macroglossus_sobrinus_PTEROPODIDAE_CHIROPTERA",0,NA,NA,1,"1. Zoonomia","GCA_004027375.1","LC","Long-tongued fruit bat","CHIROPTERA","Pteropodidae",NA,"Macroglossus sobrinus","SAMN07678028","Texas Tech University","David Ray","Uppsala University","351,412","471,405",1.85,35.5,52.7,"90.5%","90.3%","0.2%","6.2%","3.3%",59
"126","Macrotus_californicus","Macrotus_californicus_PHYLLOSTOMIDAE_CHIROPTERA",0,NA,NA,3,"3. Zoonomia (not in alignment)","GCA_007922815.1","LC","California leaf-nosed bat","CHIROPTERA","Phyllostomidae",NA,"Macrotus californicus","SAMN07678130","Texas Tech University","Robert Baker","Uppsala University","22,729","23,701",1.84,33.1,47.7,"60.2%","59.4%","0.8%","21.8%","12.0%",52
"127","Mandrillus_leucophaeus","Mandrillus_leucophaeus_CERCOPITHECIDAE_PRIMATES",0,NA,NA,2,"2. Existing assembly","GCF_000951045.1","EN","Drill","PRIMATES","Cercopithecidae",NA,NA,NA,NA,NA,NA,NA,NA,NA,NA,NA,NA,NA,NA,NA,NA,NA
"128","Manis_javanica","Manis_javanica_MANIDAE_PHOLIDOTA",0,NA,NA,2,"2. Existing assembly","GCF_001685135.1","CR","Malayan pangolin","PHOLIDOTA","Manidae",NA,NA,NA,NA,NA,NA,NA,NA,NA,NA,NA,NA,NA,NA,NA,NA,NA
"129","Manis_pentadactyla","Manis_pentadactyla_MANIDAE_PHOLIDOTA",0,NA,NA,2,"2. Existing assembly","GCA_000738955.1","CR","Chinese pangolin","PHOLIDOTA","Manidae",NA,NA,NA,NA,NA,NA,NA,NA,NA,NA,NA,NA,NA,NA,NA,NA,NA
"130","Manis_tricuspis","Phataginus_tricuspis_MANIDAE_PHOLIDOTA",1,"moved from Manis to Phataginus","https://www.mammaldiversity.org/explore.html#genus=Phataginus&species=tricuspis&id=1005799",3,"3. Zoonomia (not in alignment)","GCA_004765945.1","VU","Tree pangolin","PHOLIDOTA","Manidae",NA,"Manis tricuspis","SAMN07678093","San Diego Zoo","Oliver Ryder","Broad Institute","33,856","36,113",2.37,34.6,30.2,"60.1%","59.5%","0.6%","27.2%","12.7%",20
"131","Marmota_marmota","Marmota_marmota_SCIURIDAE_RODENTIA",0,NA,NA,2,"2. Existing assembly","GCF_001458135.1","LC","Alpine marmot","RODENTIA","Sciuridae",NA,NA,NA,NA,NA,NA,NA,NA,NA,NA,NA,NA,NA,NA,NA,NA,NA
"132","Megaderma_lyra","Megaderma_lyra_MEGADERMATIDAE_CHIROPTERA",0,NA,NA,1,"1. Zoonomia","GCA_004026885.1","LC","Greater false vampire bat","CHIROPTERA","Megadermatidae",NA,"Megaderma lyra","SAMN07678029","Texas Tech University","David Ray","Uppsala University","108,673","147,888",2.03,35.9,49.8,"87.6%","87.0%","0.6%","8.2%","4.2%",48
"133","Mellivora_capensis","Mellivora_capensis_MUSTELIDAE_CARNIVORA",0,NA,NA,1,"1. Zoonomia","GCA_004024625.1","LC","Honey badger","CARNIVORA","Mustelidae",NA,"Mellivora capensis","SAMN07678094","San Diego Zoo","Oliver Ryder","Broad Institute","66,331","82,519",2.63,31.8,38.8,"73.0%","72.1%","0.9%","18.5%","8.5%",16
"134","Meriones_unguiculatus","Meriones_unguiculatus_MURIDAE_RODENTIA",0,NA,NA,1,"1. Zoonomia","GCA_004026785.1","LC","Mongolian jird","RODENTIA","Muridae",NA,"Meriones unguiculatus","SAMN07678137","Harvard Medical School","Vadim Gladyshev","Uppsala University","81,734","120,489",2.39,36.5,31.3,"87.2%","86.6%","0.6%","8.8%","4.0%",92
"135","Mesocricetus_auratus","Mesocricetus_auratus_CRICETIDAE_RODENTIA",0,NA,NA,2,"2. Existing assembly","GCF_000349665.1","VU","Golden hamster","RODENTIA","Cricetidae",NA,NA,NA,NA,NA,NA,NA,NA,NA,NA,NA,NA,NA,NA,NA,NA,NA
"136","Mesoplodon_bidens","Mesoplodon_bidens_ZIPHIIDAE_CETARTIODACTYLA",0,NA,NA,1,"1. Zoonomia","GCA_004027085.1","DD","Sowerbyâ€™s beaked whale","CETARTIODACTYLA","Ziphiidae",NA,"Mesoplodon bidens","SAMN07678145","Southwest Fisheries Science Center","Phillip Morin","Uppsala University","37,451","44,011",2.25,34.9,32.4,"63.1%","61.6%","1.5%","24.3%","12.6%",45
"137","Microcebus_murinus","Microcebus_murinus_CHEIROGALEIDAE_PRIMATES",0,NA,NA,2,"2. Existing assembly","GCA_000165445.3","LC","Gray mouse lemur","PRIMATES","Cheirogaleidae",NA,NA,NA,NA,NA,NA,NA,NA,NA,NA,NA,NA,NA,NA,NA,NA,NA
"138","Microgale_talazaci","Microgale_talazaci_TENRECIDAE_AFROSORICIDA",0,NA,NA,1,"1. Zoonomia","GCA_004026705.1","LC","Talazac's shrew tenrec","AFROSORICIDA","Tenrecidae",NA,"Microgale talazaci","SAMN07678058","The Museum of Vertebrate Zoology at Berkeley","Michael Nachman","Uppsala University","64,077","73,221",2.96,36.1,27.8,"59.8%","59.0%","0.8%","25.8%","14.4%",130
"139","Micronycteris_hirsuta","Micronycteris_hirsuta_PHYLLOSTOMIDAE_CHIROPTERA",0,NA,NA,1,"1. Zoonomia","GCA_004026765.1","LC","Hairy big-eared bat","CHIROPTERA","Phyllostomidae",NA,"Micronycteris hirsuta","SAMN07678146","Texas Tech University","David Ray","Uppsala University","68,746","75,954",2.14,35.7,39.4,"75.7%","75.1%","0.6%","17.1%","7.2%",53
"140","Microtus_ochrogaster","Microtus_ochrogaster_CRICETIDAE_RODENTIA",0,NA,NA,2,"2. Existing assembly","GCF_000317375.1","LC","Prairie vole","RODENTIA","Cricetidae",NA,NA,NA,NA,NA,NA,NA,NA,NA,NA,NA,NA,NA,NA,NA,NA,NA
"141","Miniopterus_natalensis","Miniopterus_natalensis_VESPERTILIONIDAE_CHIROPTERA",0,NA,NA,2,"2. Existing assembly","GCF_001595765.1","LC","Bats","CHIROPTERA","Vespertilionidae",NA,NA,NA,NA,NA,NA,NA,NA,NA,NA,NA,NA,NA,NA,NA,NA,NA
"142","Miniopterus_schreibersii","Miniopterus_schreibersii_VESPERTILIONIDAE_CHIROPTERA",0,NA,NA,1,"1. Zoonomia","GCA_004026525.1","NT","Common bent-wing bat","CHIROPTERA","Vespertilionidae",NA,"Miniopterus schreibersii","SAMN07678147","Museum Geneve","Manuel Ruedi","Uppsala University","85,056","111,584",1.72,35,24.8,"85.5%","84.9%","0.6%","10.9%","3.6%",62
"143","Mirounga_angustirostris","Mirounga_angustirostris_PHOCIDAE_CARNIVORA",0,NA,NA,1,"1. Zoonomia","GCA_004023865.1","LC","Northern elephant seal","CARNIVORA","Phocidae",NA,"Mirounga angustirostris","SAMN07678016","MGH/HMS","Allyson Hindle","Broad Institute","54,778","67,070",2.31,32.3,35.6,"72.3%","71.6%","0.7%","20.5%","7.2%",18
"144","Mirza_coquereli","Mirza_coquereli_CHEIROGALEIDAE_PRIMATES",0,NA,NA,1,"1. Zoonomia","GCA_004024645.1","EN","Coquerel's giant mouse lemur","PRIMATES","Cheirogaleidae",NA,"Mirza coquereli","SAMN07678095","San Diego Zoo","Oliver Ryder","Broad Institute","64,864","86,037",2.21,32,51.7,"67.3%","65.9%","1.4%","22.9%","9.8%",109
"145","Monodon_monoceros","Monodon_monoceros_MONODONTIDAE_CETARTIODACTYLA",0,NA,NA,1,"1. Zoonomia","GCA_004026685.1","LC","Narwhal","CETARTIODACTYLA","Monodontidae",NA,"Monodon monoceros (male)","SAMN07678024","Ocean Genome Legacy/Northeastern University","Dan Distel","Broad Institute","72,592","93,992",2.29,34.2,23.2,"75.2%","74.2%","1.0%","17.7%","7.1%",36
"146","Mormoops_blainvillei","Mormoops_blainvillei_MORMOOPIDAE_CHIROPTERA",0,NA,NA,1,"1. Zoonomia","GCA_004026545.1","LC","Ghost-faced bat","CHIROPTERA","Mormoopidae",NA,"Mormoops blainvillei","SAMN07678133","Queen Mary University","Stephen Rossiter","Uppsala University","147599","161296",2.04,36,33,"85.2%","84.6%","6.0%","10.1%","4.7%",50
"147","Moschus_moschiferus","Moschus_moschiferus_MOSCHIDAE_CETARTIODACTYLA",0,NA,NA,1,"1. Zoonomia","GCA_004024705.1","VU","Siberian musk deer","CETARTIODACTYLA","Moschidae",NA,"Moschus moschiferus","SAMN07678096","San Diego Zoo","Oliver Ryder","Broad Institute","39,944","54,975",2.62,34.1,64.9,"73.2%","71.6%","1.6%","18.7%","8.1%",38
"148","Mungos_mungo","Mungos_mungo_HERPESTIDAE_CARNIVORA",0,NA,NA,1,"1. Zoonomia","GCA_004023785.1","LC","South African banded mongoose","CARNIVORA","Herpestidae",NA,"Mungos mungo","SAMN07678097","San Diego Zoo","Oliver Ryder","Uppsala University","189,084","247,492",2.35,35.9,46.7,"87.4%","86.6%","0.8%","9.1%","3.5%",12
"149","Murina_feae","Murina_aurata_VESPERTILIONIDAE_CHIROPTERA",1,"split from M. aurata","https://www.mammaldiversity.org/explore.html#genus=Murina&species=feae&id=1005327",1,"1. Zoonomia","GCA_004026665.1","LC","Ashy-gray tube-nosed bat","CHIROPTERA","Vespertilionidae",NA,"Murina feae","SAMN07678148","Museum Geneve","Manuel Ruedi","Uppsala University","26,934","30,093",2.06,35.4,33.3,"57.0%","56.3%","0.7%","28.9%","14.1%",61
"150","Mus_caroli","Mus_caroli_MURIDAE_RODENTIA",0,NA,NA,2,"2. Existing assembly","GCA_900094665.2","LC","Ryukyu mouse","RODENTIA","Muridae",NA,NA,NA,NA,NA,NA,NA,NA,NA,NA,NA,NA,NA,NA,NA,NA,NA
"151","Mus_musculus","Mus_musculus_MURIDAE_RODENTIA",0,NA,NA,2,"2. Existing assembly","GCF_000001635.26","LC","House mouse","RODENTIA","Muridae",NA,NA,NA,NA,NA,NA,NA,NA,NA,NA,NA,NA,NA,NA,NA,NA,NA
"152","Mus_pahari","Mus_pahari_MURIDAE_RODENTIA",0,NA,NA,2,"2. Existing assembly","GCA_900095145.2","LC","Shrew mouse","RODENTIA","Muridae",NA,NA,NA,NA,NA,NA,NA,NA,NA,NA,NA,NA,NA,NA,NA,NA,NA
"153","Mus_spretus","Mus_spretus_MURIDAE_RODENTIA",0,NA,NA,2,"2. Existing assembly","GCA_001624865.1","LC","Western wild mouse","RODENTIA","Muridae",NA,NA,NA,NA,NA,NA,NA,NA,NA,NA,NA,NA,NA,NA,NA,NA,NA
"154","Muscardinus_avellanarius","Muscardinus_avellanarius_GLIRIDAE_RODENTIA",0,NA,NA,1,"1. Zoonomia","GCA_004027005.1","LC","Hazel dormouse","RODENTIA","Gliridae",NA,"Muscardinus avellanarius","SAMN07678014","University of California, Los Angeles","Alice Mouton","Uppsala University","46,810","62,703",2.39,34.8,32.8,"68.3%","67.1%","1.2%","23.2%","8.5%",85
"155","Mustela_putorius","Mustela_putorius_MUSTELIDAE_CARNIVORA",0,NA,NA,2,"2. Existing assembly","GCF_000239315.1","LC","Domestic ferret","CARNIVORA","Mustelidae",NA,NA,NA,NA,NA,NA,NA,NA,NA,NA,NA,NA,NA,NA,NA,NA,NA
"156","Myocastor_coypus","Myocastor_coypus_MYOCASTORIDAE_RODENTIA",0,NA,NA,1,"1. Zoonomia","GCA_004027025.1","LC","Coypu","RODENTIA","Myocastoridae",NA,"Myocastor coypus","SAMN07678020","Texas A&M","Bill Murphy","Uppsala University","35,222","44,764",2.44,34.9,56.5,"55.4%","53.8%","1.6%","27.3%","17.3%",93
"157","Myotis_brandtii","Myotis_brandtii_VESPERTILIONIDAE_CHIROPTERA",0,NA,NA,2,"2. Existing assembly","GCF_000412655.1","LC","Brandt's bat","CHIROPTERA","Vespertilionidae",NA,NA,NA,NA,NA,NA,NA,NA,NA,NA,NA,NA,NA,NA,NA,NA,NA
"158","Myotis_davidii","Myotis_davidii_VESPERTILIONIDAE_CHIROPTERA",0,NA,NA,2,"2. Existing assembly","GCF_000327345.1","LC","Bats","CHIROPTERA","Vespertilionidae",NA,NA,NA,NA,NA,NA,NA,NA,NA,NA,NA,NA,NA,NA,NA,NA,NA
"159","Myotis_lucifugus","Myotis_lucifugus_VESPERTILIONIDAE_CHIROPTERA",0,NA,NA,2,"2. Existing assembly","GCF_000147115.1","LC","Little brown bat","CHIROPTERA","Vespertilionidae",NA,NA,NA,NA,NA,NA,NA,NA,NA,NA,NA,NA,NA,NA,NA,NA,NA
"160","Myotis_myotis","Myotis_myotis_VESPERTILIONIDAE_CHIROPTERA",0,NA,NA,1,"1. Zoonomia","GCA_004026985.1","LC","Greater mouse-eared bat","CHIROPTERA","Vespertilionidae",NA,"Myotis myotis","SAMN07678038","University College Dublin","Emma Teeling","Uppsala University","23,271","26,512",1.96,35.4,47.8,"54.4%","53.2%","1.2%","30.0%","15.6%",66
"161","Myrmecophaga_tridactyla","Myrmecophaga_tridactyla_MYRMECOPHAGIDAE_PILOSA",0,NA,NA,1,"1. Zoonomia","GCA_004026745.1","VU","Giant anteater","PILOSA","Myrmecophagidae",NA,"Myrmecophaga tridactyla","SAMN07678098","San Diego Zoo","Oliver Ryder","Broad Institute","44,845","50,817",3.02,32.6,28.9,"58.4%","57.8%","0.6%","22.5%","19.1%",124
"162","Nannospalax_galili","Spalax_ehrenbergi_SPALACIDAE_RODENTIA",1,"galili is a synonym of N. ehrenbergi, moved to Nannospalax from Spalax","https://www.mammaldiversity.org/explore.html#genus=Nannospalax&species=ehrenbergi&id=1003793",2,"2. Existing assembly","GCF_000622305.1","DD","Upper galilee mountains blind mole rat","RODENTIA","Spalacidae",NA,NA,NA,NA,NA,NA,NA,NA,NA,NA,NA,NA,NA,NA,NA,NA,NA
"163","Nasalis_larvatus","Nasalis_larvatus_CERCOPITHECIDAE_PRIMATES",0,NA,NA,1,"1. Zoonomia","GCA_004027105.1","EN","Proboscis monkey","PRIMATES","Cercopithecidae",NA,"Nasalis larvatus","SAMN07678099","San Diego Zoo","Oliver Ryder","Broad Institute","38,381","50,259",2.77,32.5,29.5,"59.5%","58.1%","1.4%","26.9%","13.6%",107
"164","Neomonachus_schauinslandi","Neomonachus_schauinslandi_PHOCIDAE_CARNIVORA",0,NA,NA,2,"2. Existing assembly","GCA_002201575.1","EN","Hawaiian monk seal","CARNIVORA","Phocidae",NA,NA,NA,NA,NA,NA,NA,NA,NA,NA,NA,NA,NA,NA,NA,NA,NA
"165","Neophocaena_asiaeorientalis","Neophocaena_asiaeorientalis_PHOCOENIDAE_CETARTIODACTYLA",0,NA,NA,2,"2. Existing assembly","GCA_003031525.1","EN","Yangtze finless porpoise","CETARTIODACTYLA","Phocoenidae",NA,NA,NA,NA,NA,NA,NA,NA,NA,NA,NA,NA,NA,NA,NA,NA,NA
"166","Noctilio_leporinus","Noctilio_leporinus_NOCTILIONIDAE_CHIROPTERA",0,NA,NA,1,"1. Zoonomia","GCA_004026585.1","LC","Greater bulldog bat","CHIROPTERA","Noctilionidae",NA,"Noctilio leporinus","SAMN07678134","Queen Mary University","Stephen Rossiter","Uppsala University","143,138","202,442",2.01,35,42.9,"84.9%","83.7%","1.2%","10.0%","5.1%",51
"167","Nomascus_leucogenys","Nomascus_leucogenys_HYLOBATIDAE_PRIMATES",0,NA,NA,2,"2. Existing assembly","GCF_000146795.2","CR","Northern white-cheeked gibbon","PRIMATES","Hylobatidae",NA,NA,NA,NA,NA,NA,NA,NA,NA,NA,NA,NA,NA,NA,NA,NA,NA
"168","Nycticebus_coucang","Nycticebus_coucang_LORISIDAE_PRIMATES",0,NA,NA,1,"1. Zoonomia","GCA_004027815.1","VU","Sunda slow loris","PRIMATES","Lorisidae",NA,"Nycticebus coucang","SAMN07678100","San Diego Zoo","Oliver Ryder","Broad Institute","23,653","26,596",2.67,32.3,32.3,"53.1%","51.6%","1.5%","28.4%","18.5%",115
"169","Nycticeius_humeralis","Nycticeius_humeralis_VESPERTILIONIDAE_CHIROPTERA",0,NA,NA,3,"3. Zoonomia (not in alignment)","GCA_007922795.1","LC","Egyptian slit-faced bat","CHIROPTERA","Vespertilionidae",NA,"Nycticeius humeralis","SAMN07678030","Texas Tech University","David Ray","Uppsala University","20,388","21,762",2.24,34.3,41.7,"46.3%","44.9%","1.4%","34.3%","19.4%",65
"170","Ochotona_princeps","Ochotona_princeps_OCHOTONIDAE_LAGOMORPHA",0,NA,NA,2,"2. Existing assembly","GCF_000292845.1","LC","American pika","LAGOMORPHA","Ochotonidae",NA,NA,NA,NA,NA,NA,NA,NA,NA,NA,NA,NA,NA,NA,NA,NA,NA
"171","Octodon_degus","Octodon_degus_OCTODONTIDAE_RODENTIA",0,NA,NA,2,"2. Existing assembly","GCF_000260255.1","LC","Degu","RODENTIA","Octodontidae",NA,NA,NA,NA,NA,NA,NA,NA,NA,NA,NA,NA,NA,NA,NA,NA,NA
"172","Odobenus_rosmarus","Odobenus_rosmarus_ODOBENIDAE_CARNIVORA",0,NA,NA,2,"2. Existing assembly","GCF_000321225.1","DD","Pacific walrus","CARNIVORA","Odobenidae",NA,NA,NA,NA,NA,NA,NA,NA,NA,NA,NA,NA,NA,NA,NA,NA,NA
"173","Odocoileus_virginianus","Odocoileus_virginianus_CERVIDAE_CETARTIODACTYLA",0,NA,NA,2,"2. Existing assembly","GCA_002102435.1","LC","White-tailed deer","CETARTIODACTYLA","Cervidae",NA,NA,NA,NA,NA,NA,NA,NA,NA,NA,NA,NA,NA,NA,NA,NA,NA
"174","Okapia_johnstoni","Okapia_johnstoni_GIRAFFIDAE_CETARTIODACTYLA",0,NA,NA,2,"2. Existing assembly","GCA_001660835.1","EN","Okapi","CETARTIODACTYLA","Giraffidae",NA,NA,NA,NA,NA,NA,NA,NA,NA,NA,NA,NA,NA,NA,NA,NA,NA
"175","Ondatra_zibethicus","Ondatra_zibethicus_CRICETIDAE_RODENTIA",0,NA,NA,1,"1. Zoonomia","GCA_004026605.1","LC","Muskrat","RODENTIA","Cricetidae",NA,"Ondatra zibethicus","SAMN07678059","The Museum of Vertebrate Zoology at Berkeley","Michael Nachman","Uppsala University","79,948","96,834",2.39,36,43.9,"80.7%","79.7%","1.0%","14.0%","5.3%",75
"176","Onychomys_torridus","Onychomys_torridus_CRICETIDAE_RODENTIA",0,NA,NA,1,"1. Zoonomia","GCA_004026725.1","LC","Scorpion mouse","RODENTIA","Cricetidae",NA,"Onychomys torridus","SAMN07678022","Cornell University","Bret Pasch","Uppsala University","26,822","31,336",2.46,34.9,46.8,"58.9%","58.3%","0.6%","28.0%","13.1%",76
"177","Orcinus_orca","Orcinus_orca_DELPHINIDAE_CETARTIODACTYLA",0,NA,NA,2,"2. Existing assembly","GCF_000331955.2","DD","Killer whale","CETARTIODACTYLA","Delphinidae",NA,NA,NA,NA,NA,NA,NA,NA,NA,NA,NA,NA,NA,NA,NA,NA,NA
"178","Orycteropus_afer","Orycteropus_afer_ORYCTEROPODIDAE_TUBULIDENTATA",0,NA,NA,1,"1. Zoonomia","GCA_004365145.1","LC","Aardvark","TUBULIDENTATA","Orycteropodidae",NA,"Orycteropus afer","SAMN07678101","San Diego Zoo","Oliver Ryder","Broad Institute","25,531","28,946",3.9,32.6,35.2,"52.1%","51.7%","0.4%","30.4%","17.5%",132
"179","Oryctolagus_cuniculus","Oryctolagus_cuniculus_LEPORIDAE_LAGOMORPHA",0,NA,NA,2,"2. Existing assembly","GCF_000003625.3","NT","Rabbit","LAGOMORPHA","Leporidae",NA,NA,NA,NA,NA,NA,NA,NA,NA,NA,NA,NA,NA,NA,NA,NA,NA
"180","Otolemur_garnettii","Otolemur_garnettii_GALAGIDAE_PRIMATES",0,NA,NA,2,"2. Existing assembly","GCF_000181295.1","LC","Small-eared galago","PRIMATES","Galagidae",NA,NA,NA,NA,NA,NA,NA,NA,NA,NA,NA,NA,NA,NA,NA,NA,NA
"181","Ovis_aries","Ovis_aries_BOVIDAE_CETARTIODACTYLA",0,NA,NA,2,"2. Existing assembly","GCF_000298735.2","LC","Sheep","CETARTIODACTYLA","Bovidae",NA,NA,NA,NA,NA,NA,NA,NA,NA,NA,NA,NA,NA,NA,NA,NA,NA
"182","Ovis_canadensis","Ovis_canadensis_BOVIDAE_CETARTIODACTYLA",0,NA,NA,1,"1. Zoonomia","GCA_004026945.1","EN","Peninsular bighorn sheep","CETARTIODACTYLA","Bovidae","cremnobates","Ovis canadensis cremnobates","SAMN07678102","San Diego Zoo","Oliver Ryder","Broad Institute","62,884","78,524",2.57,33.9,25.2,"76.3%","75.2%","1.1%","17.0%","6.7%",29
"183","Pan_paniscus","Pan_paniscus_HOMINIDAE_PRIMATES",0,NA,NA,2,"2. Existing assembly","GCF_000258655.2","EN","Pygmy chimpanzee","PRIMATES","Hominidae",NA,NA,NA,NA,NA,NA,NA,NA,NA,NA,NA,NA,NA,NA,NA,NA,NA
"184","Pan_troglodytes","Pan_troglodytes_HOMINIDAE_PRIMATES",0,NA,NA,2,"2. Existing assembly","GCA_002880755.3","EN","Chimpanzee","PRIMATES","Hominidae",NA,NA,NA,NA,NA,NA,NA,NA,NA,NA,NA,NA,NA,NA,NA,NA,NA
"185","Panthera_onca","Panthera_onca_FELIDAE_CARNIVORA",0,NA,NA,1,"1. Zoonomia","GCA_004023805.1","NT","Jaguar","CARNIVORA","Felidae",NA,"Panthera onca","SAMN07678103","San Diego Zoo","Oliver Ryder","Broad Institute","66,276","123,177",2.37,33.2,60.7,"78.4%","78.0%","0.4%","15.7%","5.9%",9
"186","Panthera_pardus","Panthera_pardus_FELIDAE_CARNIVORA",0,NA,NA,2,"2. Existing assembly","GCA_001857705.1","VU","Leopard","CARNIVORA","Felidae",NA,NA,NA,NA,NA,NA,NA,NA,NA,NA,NA,NA,NA,NA,NA,NA,NA
"187","Panthera_tigris","Panthera_tigris_FELIDAE_CARNIVORA",0,NA,NA,2,"2. Existing assembly","GCF_000464555.1","EN","Amur tiger","CARNIVORA","Felidae",NA,NA,NA,NA,NA,NA,NA,NA,NA,NA,NA,NA,NA,NA,NA,NA,NA
"188","Pantholops_hodgsonii","Pantholops_hodgsonii_BOVIDAE_CETARTIODACTYLA",0,NA,NA,2,"2. Existing assembly","GCF_000400835.1","NT","Chiru","CETARTIODACTYLA","Bovidae",NA,NA,NA,NA,NA,NA,NA,NA,NA,NA,NA,NA,NA,NA,NA,NA,NA
"189","Papio_anubis","Papio_anubis_CERCOPITHECIDAE_PRIMATES",0,NA,NA,2,"2. Existing assembly","GCA_000264685.2","LC","Olive baboon","PRIMATES","Cercopithecidae",NA,NA,NA,NA,NA,NA,NA,NA,NA,NA,NA,NA,NA,NA,NA,NA,NA
"190","Paradoxurus_hermaphroditus","Paradoxurus_hermaphroditus_VIVERRIDAE_CARNIVORA",0,NA,NA,1,"1. Zoonomia","GCA_004024585.1","LC","Asian palm civet","CARNIVORA","Viverridae",NA,"Paradoxurus hermaphroditus","SAMN07678048","Smithsonian Insitute","Klaus Koepfli","Broad Institute","67,775","77,417",2.32,33.1,36.9,"74.8%","74.2%","0.6%","18.4%","6.8%",19
"191","Pedetes_capensis","Pedetes_capensis_PEDETIDAE_RODENTIA",0,NA,NA,3,"3. Zoonomia (not in alignment)","GCA_007922755.1","LC","South African springhare","RODENTIA","Pedetidae",NA,"Pedetes capensis","SAMN07678104","San Diego Zoo","Oliver Ryder","Uppsala University","15,667","16,472",2.32,34.2,39.7,"76.8%","76.0%","0.8%","16.2%","7.0%",95
"192","Perognathus_longimembris","Perognathus_longimembris_HETEROMYIDAE_RODENTIA",0,NA,NA,1,"1. Zoonomia","GCA_004363475.1","LC","Pacific pocket mouse","RODENTIA","Heteromyidae","pacificus","Perognathus longimembris pacificus","SAMN07678105","San Diego Zoo","Oliver Ryder","Broad Institute","27,791","40,656",1.92,34,59.6,"61.4%","60.5%","0.9%","24.9%","13.7%",87
"193","Peromyscus_maniculatus","Peromyscus_maniculatus_CRICETIDAE_RODENTIA",0,NA,NA,2,"2. Existing assembly","GCF_000500345.1","LC","Prairie deer mouse","RODENTIA","Cricetidae",NA,NA,NA,NA,NA,NA,NA,NA,NA,NA,NA,NA,NA,NA,NA,NA,NA
"194","Petromus_typicus","Petromus_typicus_PETROMURIDAE_RODENTIA",0,NA,NA,1,"1. Zoonomia","GCA_004026965.1","LC","Dassie rat","RODENTIA","Petromuridae",NA,"Petromus typicus","SAMN07678021","Texas A&M","Bill Murphy","Uppsala University","34,472","41,518",2.12,34.7,37.7,"61.6%","60.9%","0.7%","26.4%","12.0%",96
"195","Phocoena_phocoena","Phocoena_phocoena_PHOCOENIDAE_CETARTIODACTYLA",0,NA,NA,1,"1. Zoonomia","GCA_004363495.1","LC","Harbor porpoise","CETARTIODACTYLA","Phocoenidae",NA,"Phocoena phocoena","SAMN07678060","The Museum of Vertebrate Zoology at Berkeley","Michael Nachman","Broad Institute","105,655","138,932",2.32,34.5,56.4,"80.9%","79.8%","1.1%","13.0%","6.1%",39
"196","Piliocolobus_tephrosceles","Procolobus_rufomitratus_CERCOPITHECIDAE_PRIMATES",1,"Grubb et al. (2013) placed tephrosceles as a subspecies of rufomitratus, and in the subgenus Procolobus","https://www.iucnredlist.org/species/18256/171760021",2,"2. Existing assembly","GCA_002776525.1","EN","Ugandan red colobus","PRIMATES","Cercopithecidae",NA,NA,NA,NA,NA,NA,NA,NA,NA,NA,NA,NA,NA,NA,NA,NA,NA
"197","Pipistrellus_pipistrellus","Pipistrellus_pipistrellus_VESPERTILIONIDAE_CHIROPTERA",0,NA,NA,1,"1. Zoonomia","GCA_004026625.1","LC","Common pipistrelle","CHIROPTERA","Vespertilionidae",NA,"Pipistrellus pipistrellus","SAMN07678120","Charles University, Prague","Pavel Hulva","Uppsala University","30,524","39,435",1.87,35.2,52.8,"60.1%","58.9%","1.2%","26.8%","13.1%",63
"198","Pithecia_pithecia","Pithecia_pithecia_PITHECIIDAE_PRIMATES",0,NA,NA,1,"1. Zoonomia","GCA_004026645.1","LC","White-faced saki","PRIMATES","Pitheciidae",NA,"Pithecia pithecia","SAMN07678106","San Diego Zoo","Oliver Ryder","Broad Institute","70,458","92,467",2.67,33.5,47.3,"75.7%","74.8%","0.9%","16.5%","7.8%",117
"199","Platanista_gangetica","Platanista_gangetica_PLATANISTIDAE_CETARTIODACTYLA",0,NA,NA,1,"1. Zoonomia","GCA_004363435.1","EN","Indus river dolphin","CETARTIODACTYLA","Platanistidae","minor","Platanista gangetica minor","SAMN07678149","Southwest Fisheries Science Center","Phillip Morin","Broad Institute","23,592","27,013",2.36,34.1,28,"49.7%","48.5%","1.2%","34.6%","15.7%",40
"200","Pongo_abelii","Pongo_abelii_HOMINIDAE_PRIMATES",0,NA,NA,2,"2. Existing assembly","GCA_002880775.3","CR","Sumatran orangutan","PRIMATES","Hominidae",NA,NA,NA,NA,NA,NA,NA,NA,NA,NA,NA,NA,NA,NA,NA,NA,NA
"201","Pontoporia_blainvillei","Pontoporia_blainvillei_INIIDAE_CETARTIODACTYLA",0,NA,NA,3,"3. Zoonomia (not in alignment)","GCA_004363935.1","VU","La plata dolphin","CETARTIODACTYLA","Iniidae",NA,"Pontoporia blainvillei","SAMN07678127","Southwest Fisheries Science Center","Phillip Morin","Broad Institute","4,149","4,148",1.17,32.8,55.3,"23.3%","22.9%","0.4%","24.9%","51.8%",41
"202","Procavia_capensis","Procavia_capensis_PROCAVIIDAE_HYRACOIDEA",0,NA,NA,1,"1. Zoonomia","GCA_004026925.1","LC","South African rock hyrax","HYRACOIDEA","Procaviidae",NA,"Procavia capensis","SAMN07678107","San Diego Zoo","Oliver Ryder","Uppsala University","41,902","44,471",3.34,36.5,23.3,"68.3%","67.7%","0.6%","20.8%","10.9%",127
"203","Propithecus_coquereli","Propithecus_coquereli_INDRIIDAE_PRIMATES",0,NA,NA,2,"2. Existing assembly","GCF_000956105.1","EN","Coquerel's sifaka","PRIMATES","Indridae",NA,NA,NA,NA,NA,NA,NA,NA,NA,NA,NA,NA,NA,NA,NA,NA,NA
"204","Psammomys_obesus","Psammomys_obesus_MURIDAE_RODENTIA",0,NA,NA,2,"2. Existing assembly","GCA_002215935.1","LC","Fat sand rat","RODENTIA","Muridae",NA,NA,NA,NA,NA,NA,NA,NA,NA,NA,NA,NA,NA,NA,NA,NA,NA
"205","Pteronotus_parnellii","Pteronotus_parnellii_MORMOOPIDAE_CHIROPTERA",0,NA,NA,2,"2. Existing assembly","GCA_000465405.1","LC","Parnell's mustached bat","CHIROPTERA","Mormoopidae",NA,NA,NA,NA,NA,NA,NA,NA,NA,NA,NA,NA,NA,NA,NA,NA,NA
"206","Pteronura_brasiliensis","Pteronura_brasiliensis_MUSTELIDAE_CARNIVORA",0,NA,NA,1,"1. Zoonomia","GCA_004024605.1","EN","Giant otter","CARNIVORA","Mustelidae",NA,"Pteronura brasiliensis","SAMN07678049","Smithsonian Insitute","Klaus Koepfli","Broad Institute","99,882","130,554",2.41,32.6,47.7,"82.0%","81.4%","0.6%","13.3%","4.7%",15
"207","Pteropus_alecto","Pteropus_alecto_PTEROPODIDAE_CHIROPTERA",0,NA,NA,2,"2. Existing assembly","GCF_000325575.1","LC","Black flying fox","CHIROPTERA","Pteropodidae",NA,NA,NA,NA,NA,NA,NA,NA,NA,NA,NA,NA,NA,NA,NA,NA,NA
"208","Pteropus_vampyrus","Pteropus_vampyrus_PTEROPODIDAE_CHIROPTERA",0,NA,NA,2,"2. Existing assembly","GCF_000151845.1","NT","Large flying fox","CHIROPTERA","Pteropodidae",NA,NA,NA,NA,NA,NA,NA,NA,NA,NA,NA,NA,NA,NA,NA,NA,NA
"209","Puma_concolor","Puma_concolor_FELIDAE_CARNIVORA",0,NA,NA,2,"2. Existing assembly","GCF_003327715.1","LC","Puma","CARNIVORA","Felidae",NA,NA,NA,NA,NA,NA,NA,NA,NA,NA,NA,NA,NA,NA,NA,NA,NA
"210","Pygathrix_nemaeus","Pygathrix_nemaeus_CERCOPITHECIDAE_PRIMATES",0,NA,NA,1,"1. Zoonomia","GCA_004024825.1","EN","Red-shanked douc","PRIMATES","Cercopithecidae",NA,"Pygathrix nemaeus","SAMN07678108","San Diego Zoo","Oliver Ryder","Broad Institute","60,832","81,292",2.8,33.4,57.9,"72.0%","70.8%","1.2%","19.0%","9.0%",108
"211","Rangifer_tarandus","Rangifer_tarandus_CERVIDAE_CETARTIODACTYLA",0,NA,NA,1,"1. Zoonomia","GCA_004026565.1","VU","Siberian reindeer","CETARTIODACTYLA","Cervidae",NA,"Rangifer tarandus","SAMN07678109","San Diego Zoo","Oliver Ryder","Uppsala University","91,907","106,338",2.5,36.3,45.9,"80.1%","77.8%","2.3%","13.1%","6.8%",31
"212","Rattus_norvegicus","Rattus_norvegicus_MURIDAE_RODENTIA",0,NA,NA,2,"2. Existing assembly","GCF_000001895.5","LC","Norway rat","RODENTIA","Muridae",NA,NA,NA,NA,NA,NA,NA,NA,NA,NA,NA,NA,NA,NA,NA,NA,NA
"213","Rhinolophus_ferrumequinum","Rhinolophus_ferrumequinum_RHINOLOPHIDAE_CHIROPTERA",0,NA,NA,3,"3. Zoonomia (not in alignment)","GCA_007922735.1","LC","Greater horseshoe bat","CHIROPTERA","Rhinolophidae",NA,"Rhinolophus ferrumequinum","SAMN07678122","Charles University, Prague","Pavel Hulva","Uppsala University","134,856","165,950",2.08,34.4,39.7,"87.7%","86.8%","0.9%","8.3%","4.0%",60
"214","Rhinolophus_sinicus","Rhinolophus_sinicus_RHINOLOPHIDAE_CHIROPTERA",0,NA,NA,2,"2. Existing assembly","GCA_001888835.1","LC","Chinese rufous horseshoe bat","CHIROPTERA","Rhinolophidae",NA,NA,NA,NA,NA,NA,NA,NA,NA,NA,NA,NA,NA,NA,NA,NA,NA
"215","Rhinopithecus_bieti","Rhinopithecus_bieti_CERCOPITHECIDAE_PRIMATES",0,NA,NA,2,"2. Existing assembly","GCF_001698545.1","EN","Black snub-nosed monkey","PRIMATES","Cercopithecidae",NA,NA,NA,NA,NA,NA,NA,NA,NA,NA,NA,NA,NA,NA,NA,NA,NA
"216","Rhinopithecus_roxellana","Rhinopithecus_roxellana_CERCOPITHECIDAE_PRIMATES",0,NA,NA,2,"2. Existing assembly","GCF_000769185.1","EN","Golden snub-nosed monkey","PRIMATES","Cercopithecidae",NA,NA,NA,NA,NA,NA,NA,NA,NA,NA,NA,NA,NA,NA,NA,NA,NA
"217","Rhizomys_pruinosus","Rhizomys_pruinosus_SPALACIDAE_RODENTIA",0,NA,NA,3,"3. Zoonomia (not in alignment)","GCA_004026225.1","LC","Hoary bamboo rat","RODENTIA","Spalacidae",NA,"Rhizomys pruinosus","SAMN07678150","The Museum of Vertebrate Zoology at Berkeley","Michael Nachman","Uppsala University","4,182","4,182",2.58,35.6,25.5,"14.5%","13.9%","0.6%","32.1%","53.4%",98
"218","Rousettus_aegyptiacus","Rousettus_aegyptiacus_PTEROPODIDAE_CHIROPTERA",0,NA,NA,1,"1. Zoonomia","GCA_004024865.1","LC","Egyptian fruit bat","CHIROPTERA","Pteropodidae",NA,"Rousettus aegyptiacus","SAMN07678121","Charles University, Prague","Pavel Hulva","Uppsala University","104,971","131,538",1.9,33.6,35.7,"85.8%","85.3%","0.5%","10.4%","3.8%",58
"219","Saguinus_imperator","Saguinus_imperator_CALLITRICHIDAE_PRIMATES",0,NA,NA,1,"1. Zoonomia","GCA_004024885.1","LC","Emperor tamarin","PRIMATES","Cebidae",NA,"Saguinus imperator","SAMN07678110","San Diego Zoo","Oliver Ryder","Broad Institute","68,605","85,066",2.95,33.5,50.1,"75.4%","73.7%","1.7%","15.9%","8.7%",102
"220","Saiga_tatarica","Saiga_tatarica_BOVIDAE_CETARTIODACTYLA",0,NA,NA,1,"1. Zoonomia","GCA_004024985.1","CR","Russian saiga","CETARTIODACTYLA","Bovidae","tatarica","Saiga tatarica tatarica","SAMN07678151","San Diego Zoo","Oliver Ryder","Broad Institute","7,893","7,998",2.34,33.1,18.8,"23.8%","23.2%","0.6%","42.4%","33.8%",30
"221","Saimiri_boliviensis","Saimiri_boliviensis_CEBIDAE_PRIMATES",0,NA,NA,2,"2. Existing assembly","GCF_000235385.1","LC","Bolivian squirrel monkey","PRIMATES","Cebidae",NA,NA,NA,NA,NA,NA,NA,NA,NA,NA,NA,NA,NA,NA,NA,NA,NA
"222","Scalopus_aquaticus","Scalopus_aquaticus_TALPIDAE_EULIPOTYPHLA",0,NA,NA,1,"1. Zoonomia","GCA_004024925.1","LC","Eastern mole","EULIPOTYPHLA","Talpidae",NA,"Scalopus aquaticus","SAMN07678045","University of Manitoba","Kevin Campbell","Uppsala University","80,361","105,245",1.88,33.1,46.1,"82.3%","81.9%","0.4%","13.0%","4.7%",3
"223","Semnopithecus_entellus","Semnopithecus_entellus_CERCOPITHECIDAE_PRIMATES",0,NA,NA,1,"1. Zoonomia","GCA_004025065.1","LC","Northern Plains gray langur","PRIMATES","Cercopithecidae",NA,"Semnopithecus entellus","SAMN07678111","San Diego Zoo","Oliver Ryder","Broad Institute","28,655","34,458",2.7,32.2,29.3,"51.6%","50.7%","0.9%","32.2%","16.2%",105
"224","Sigmodon_hispidus","Sigmodon_hispidus_CRICETIDAE_RODENTIA",0,NA,NA,1,"1. Zoonomia","GCA_004025045.1","LC","Hispid cotton rat","RODENTIA","Cricetidae",NA,"Sigmodon hispidus","SAMN07678138","Harvard Medical School","Vadim Gladyshev","Uppsala University","76,554","114,306",2.46,35.9,43.2,"82.7%","80.5%","2.2%","11.8%","5.5%",74
"225","Solenodon_paradoxus","Solenodon_paradoxus_SOLENODONTIDAE_EULIPOTYPHLA",0,NA,NA,1,"1. Zoonomia","GCA_004363575.1","EN","Hispaniolan solenodon","EULIPOTYPHLA","Solenodontidae",NA,"Solenodon paradoxus","SAMN07678062","Liverpool School of Tropical Medicine","Nicholas Casewell","Uppsala University","244,273","422,311",2.05,35.8,29.3,"90.4%","90.1%","0.3%","6.9%","2.7%",1
"226","Sorex_araneus","Sorex_araneus_SORICIDAE_EULIPOTYPHLA",0,NA,NA,2,"2. Existing assembly","GCF_000181275.1","LC","European shrew","EULIPOTYPHLA","Soricidae",NA,NA,NA,NA,NA,NA,NA,NA,NA,NA,NA,NA,NA,NA,NA,NA,NA
"227","Spermophilus_dauricus","Spermophilus_dauricus_SCIURIDAE_RODENTIA",0,NA,NA,2,"2. Existing assembly","GCA_002406435.1","LC","Daurian ground squirrel","RODENTIA","Sciuridae",NA,NA,NA,NA,NA,NA,NA,NA,NA,NA,NA,NA,NA,NA,NA,NA,NA
"228","Spilogale_gracilis","Spilogale_gracilis_MEPHITIDAE_CARNIVORA",0,NA,NA,1,"1. Zoonomia","GCA_004023965.1","LC","Western spotted skunk","CARNIVORA","Mephitidae",NA,"Spilogale gracilis","SAMN07678050","Smithsonian Insitute","Klaus Koepfli","Uppsala University","66,417","90,418",2.33,33.1,33.2,"76.7%","76.1%","0.6%","17.1%","6.2%",14
"229","Suricata_suricatta","Suricata_suricatta_HERPESTIDAE_CARNIVORA",0,NA,NA,1,"1. Zoonomia","GCA_004023905.1","LC","Meerkat","CARNIVORA","Herpestidae",NA,"Suricata suricatta","SAMN07678040","Zoo New England","Eric Baitchman","Broad Institute","156,832","196,874",2.36,34.1,46.9,"86.1%","85.0%","1.1%","10.0%","3.9%",11
"230","Sus_scrofa","Sus_scrofa_SUIDAE_CETARTIODACTYLA",0,NA,NA,2,"2. Existing assembly","GCF_000003025.5","LC","Pig","CETARTIODACTYLA","Suidae",NA,NA,NA,NA,NA,NA,NA,NA,NA,NA,NA,NA,NA,NA,NA,NA,NA
"231","Tadarida_brasiliensis","Tadarida_brasiliensis_MOLOSSIDAE_CHIROPTERA",0,NA,NA,1,"1. Zoonomia","GCA_004025005.1","LC","Mexican free-tailed bat","CHIROPTERA","Molossidae",NA,"Tadarida brasiliensis","SAMN07678131","Texas Tech University","Robert Baker","Uppsala University","27,768","30,088",2.36,35.2,30.3,"60.0%","58.9%","1.1%","25.7%","14.3%",49
"232","Tamandua_tetradactyla","Tamandua_tetradactyla_MYRMECOPHAGIDAE_PILOSA",0,NA,NA,1,"1. Zoonomia","GCA_004025105.1","LC","Southern tamandua","PILOSA","Myrmecophagidae",NA,"Tamandua tetradactyla","SAMN07678112","San Diego Zoo","Oliver Ryder","Uppsala University","25,261","27,010",3.13,34.1,30,"52.1%","50.7%","1.4%","25.2%","22.7%",125
"233","Tapirus_indicus","Tapirus_indicus_TAPIRIDAE_PERISSODACTYLA",0,NA,NA,1,"1. Zoonomia","GCA_004024905.1","EN","Malayan tapir","PERISSODACTYLA","Tapiridae",NA,"Tapirus indicus","SAMN07678113","San Diego Zoo","Oliver Ryder","Broad Institute","234,383","320,013",2.33,34.4,41.4,"84.1%","83.7%","0.4%","12.5%","3.4%",23
"234","Tapirus_terrestris","Tapirus_terrestris_TAPIRIDAE_PERISSODACTYLA",0,NA,NA,1,"1. Zoonomia","GCA_004025025.1","VU","South American tapir","PERISSODACTYLA","Tapiridae",NA,"Tapirus terrestris","SAMN07678114","San Diego Zoo","Oliver Ryder","Broad Institute","184,442","207,300",2.34,44,44.2,"82.0%","81.6%","0.4%","14.0%","4.0%",24
"235","Thryonomys_swinderianus","Thryonomys_swinderianus_THRYONOMYIDAE_RODENTIA",0,NA,NA,1,"1. Zoonomia","GCA_004025085.1","LC","Greater cane rat","RODENTIA","Thryonomyidae",NA,"Thryonomys swinderianus","SAMN07678129","TRACE Wildlife Forensics Network, UK","Rob Ogden","Uppsala University","25,752","29,412",2.1,35.5,58.2,"52.0%","51.4%","0.6%","31.2%","16.8%",99
"236","Tolypeutes_matacus","Tolypeutes_matacus_DASYPODIDAE_CINGULATA",0,NA,NA,1,"1. Zoonomia","GCA_004025125.1","NT","Southern three-banded armadillo","CINGULATA","Dasypodidae",NA,"Tolypeutes matacus","SAMN07678115","San Diego Zoo","Oliver Ryder","Uppsala University","13,475","15,126",3.16,34,22.1,"38.2%","37.3%","0.9%","33.1%","28.7%",121
"237","Tonatia_saurophila","Tonatia_saurophila_PHYLLOSTOMIDAE_CHIROPTERA",0,NA,NA,1,"1. Zoonomia","GCA_004024845.1","LC","Stripe-headed round-eared bat","CHIROPTERA","Phyllostomidae",NA,"Tonatia saurophila","SAMN07678031","Texas Tech University","David Ray","Uppsala University","148,656","173,079",2.02,34.9,46.1,"83.6%","83.2%","0.4%","11.2%","5.2%",56
"238","Tragulus_javanicus","Tragulus_javanicus_TRAGULIDAE_CETARTIODACTYLA",0,NA,NA,1,"1. Zoonomia","GCA_004024965.1","DD","Java lesser chevrotain","CETARTIODACTYLA","Tragulidae",NA,"Tragulus javanicus","SAMN07678116","San Diego Zoo","Oliver Ryder","Uppsala University","92,271","101,971",2.25,35.9,43,"76.9%","75.2%","1.7%","16.1%","7.0%",43
"239","Trichechus_manatus","Trichechus_manatus_TRICHECHIDAE_SIRENIA",0,NA,NA,2,"2. Existing assembly","GCF_000243295.1","EN","Florida manatee","SIRENIA","Trichechidae",NA,NA,NA,NA,NA,NA,NA,NA,NA,NA,NA,NA,NA,NA,NA,NA,NA
"240","Tupaia_belangeri","Tupaia_belangeri_TUPAIIDAE_SCANDENTIA",0,NA,NA,2,"2. Existing assembly","GCF_000334495.1","LC","Northern tree shrew","SCANDENTIA","Tupaiidae","chinensis",NA,NA,NA,NA,NA,NA,NA,NA,NA,NA,NA,NA,NA,NA,NA,NA
"241","Tupaia_tana","Tupaia_tana_TUPAIIDAE_SCANDENTIA",0,NA,NA,1,"1. Zoonomia","GCA_004365275.1","LC","Large treeshrew","SCANDENTIA","Tupaiidae",NA,"Tupaia tana","SAMN07678117","San Diego Zoo","Oliver Ryder","Broad Institute","7,236","7,406",2.28,33.9,25,"26.6%","26.0%","0.6%","35.6%","37.8%",119
"242","Tursiops_truncatus","Tursiops_truncatus_DELPHINIDAE_CETARTIODACTYLA",0,NA,NA,2,"2. Existing assembly","GCA_001922835.1","LC","Bottlenose dolphin","CETARTIODACTYLA","Delphinidae",NA,NA,NA,NA,NA,NA,NA,NA,NA,NA,NA,NA,NA,NA,NA,NA,NA
"243","Uropsilus_gracilis","Uropsilus_gracilis_TALPIDAE_EULIPOTYPHLA",0,NA,NA,1,"1. Zoonomia","GCA_004024945.1","LC","Gracile shrew-like mole","EULIPOTYPHLA","Talpidae",NA,"Uropsilus gracilis","SAMN07678046","University of Manitoba","Kevin Campbell","Uppsala University","50,461","64,331",1.88,33.9,54.2,"65.1%","64.8%","0.3%","24.8%","10.1%",4
"244","Ursus_maritimus","Ursus_maritimus_URSIDAE_CARNIVORA",0,NA,NA,2,"2. Existing assembly","GCF_000687225.1","VU","Polar bear","CARNIVORA","Ursidae",NA,NA,NA,NA,NA,NA,NA,NA,NA,NA,NA,NA,NA,NA,NA,NA,NA
"245","Vicugna_pacos","Vicugna_pacos_CAMELIDAE_CETARTIODACTYLA",0,NA,NA,2,"2. Existing assembly","GCA_000767525.1","LC","Alpaca","CETARTIODACTYLA","Camelidae",NA,NA,NA,NA,NA,NA,NA,NA,NA,NA,NA,NA,NA,NA,NA,NA,NA
"246","Vulpes_lagopus","Vulpes_lagopus_CANIDAE_CARNIVORA",0,NA,NA,1,"1. Zoonomia","GCA_004023825.1","LC","Arctic fox","CARNIVORA","Canidae",NA,"Vulpes lagopus","SAMN07678118","San Diego Zoo","Oliver Ryder","Uppsala University","88,551","123,667",2.32,35.8,36.8,"81.5%","80.3%","1.2%","13.5%","5.0%",5
"247","Xerus_inauris","Xerus_inauris_SCIURIDAE_RODENTIA",0,NA,NA,1,"1. Zoonomia","GCA_004024805.1","LC","Cape ground squirrel","RODENTIA","Sciuridae",NA,"Xerus inauris","SAMN07678119","San Diego Zoo","Oliver Ryder","Uppsala University","70,055","91,124",2.42,35.7,24.4,"75.2%","74.2%","1.0%","16.9%","7.9%",97
"248","Zalophus_californianus","Zalophus_californianus_OTARIIDAE_CARNIVORA",0,NA,NA,1,"1. Zoonomia","GCA_004024565.1","LC","California sea lion","CARNIVORA","Otariidae",NA,"Zalophus californianus","SAMN07678053","North Carolina State University","Matthew Breen","Broad Institute","97,878","143,278",2.35,33.3,89.2,"85.0%","83.3%","1.7%","10.3%","4.7%",17
"249","Zapus_hudsonius","Zapus_hudsonius_DIPODIDAE_RODENTIA",0,NA,NA,1,"1. Zoonomia","GCA_004024765.1","LC","Meadow jumping mouse","RODENTIA","Dipodidae",NA,"Zapus hudsonius","SAMN07678139","University of Texas Southwestern Medical Center","William Israelsen","Broad Institute","28,664","32,604",2.24,32,61.4,"59.7%","58.9%","0.8%","27.5%","12.8%",83
"250","Ziphius_cavirostris","Ziphius_cavirostris_ZIPHIIDAE_CETARTIODACTYLA",0,NA,NA,1,"1. Zoonomia","GCA_004364475.1","LC","Cuvier's beaked whale","CETARTIODACTYLA","Ziphiidae",NA,"Ziphius cavirostris","SAMN07678128","Southwest Fisheries Science Center","Phillip Morin","Broad Institute","8,393","8,552",1.97,34.6,30.6,"29.5%","29.0%","0.5%","37.8%","32.7%",44
